scenario,from_core,to_core,recalculated,scenario_path_within_5km_of_primary_percent,path_length_change_km,cost_change_percent
fence_main,1,9,0,100.0,0.0,0.0
fence_main,1,13,1,14.680979093374587,8.556349186099908,0.3159502139454952
fence_main,1,17,1,99.99999999999999,0.0,8.595331273758617
fence_main,9,13,1,100.0,2.585786437628272,7.537178383187158
fence_main,9,17,0,100.0,0.0,0.0
fence_main,13,17,1,76.26712084994612,8.727922061351975,39.08395527367232
fence_main,17,24,0,100.0,0.0,0.0
fence_main,18,24,0,100.0,0.0,0.0
fence_main,18,28,0,100.0,0.0,0.0
fence_main,18,33,0,100.0,0.0,0.0
fence_main,24,28,0,100.0,0.0,0.0
fence_main,24,33,0,100.0,0.0,0.0
fence_main,24,38,0,100.0,0.0,0.0
fence_main,26,27,0,100.0,0.0,0.0
fence_main,26,31,0,100.0,0.0,0.0
fence_main,26,32,0,100.0,0.0,0.0
fence_main,27,30,1,75.16486754192489,7.485281374239662,10.274378700173061
fence_main,27,31,0,100.0,0.0,0.0
fence_main,27,32,0,100.0,0.0,0.0
fence_main,27,41,0,100.0,0.0,0.0
fence_main,28,33,0,100.0,0.0,0.0
fence_main,28,38,0,100.0,0.0,0.0
fence_main,30,36,0,100.0,0.0,0.0
fence_main,30,40,0,100.0,0.0,0.0
fence_main,30,41,0,99.99999999999999,0.0,0.0
fence_main,31,32,0,100.0,0.0,0.0
fence_main,33,38,0,100.0,0.0,0.0
fence_main,36,40,0,100.0,0.0,0.0
fence_main,36,41,0,100.0,0.0,0.0
fence_main,36,43,0,100.0,0.0,0.0
fence_main,38,40,0,100.00000000000001,0.0,0.0
fence_main,38,42,0,100.0,0.0,0.0
fence_main,40,42,0,100.0,0.0,0.0
fence_main,40,43,0,100.0,0.0,0.0
fence_main,40,45,0,100.0,0.0,0.0
fence_main,41,43,0,100.0,0.0,0.0
fence_main,41,45,0,100.0,0.0,0.0
fence_main,42,50,0,100.0,0.0,0.0
fence_main,43,45,0,100.0,0.0,0.0
fence_main,43,49,0,100.0,0.0,0.0
fence_main,45,49,0,100.0,0.0,0.0
fence_main,45,50,0,100.0,0.0,0.0
fence_main,45,53,0,100.0,0.0,0.0
fence_main,49,53,0,100.0,0.0,0.0
fence_main,50,53,0,100.0,0.0,0.0
fence_nearbarrier,1,9,0,100.0,0.0,0.0
fence_nearbarrier,1,13,1,14.680979093374587,8.556349186099908,0.3159502139454952
fence_nearbarrier,1,17,1,35.26782760274502,-0.07106781184705824,343.6586880839561
fence_nearbarrier,9,13,1,100.0,2.585786437628272,7.537178383187158
fence_nearbarrier,9,17,0,100.0,0.0,0.0
fence_nearbarrier,13,17,1,67.18996535158203,17.213203435593186,858.4328880673665
fence_nearbarrier,17,24,0,100.0,0.0,0.0
fence_nearbarrier,18,24,0,100.0,0.0,0.0
fence_nearbarrier,18,28,0,100.0,0.0,0.0
fence_nearbarrier,18,33,0,100.0,0.0,0.0
fence_nearbarrier,24,28,0,100.0,0.0,0.0
fence_nearbarrier,24,33,0,100.0,0.0,0.0
fence_nearbarrier,24,38,0,100.0,0.0,0.0
fence_nearbarrier,26,27,0,100.0,0.0,0.0
fence_nearbarrier,26,31,0,100.0,0.0,0.0
fence_nearbarrier,26,32,0,100.0,0.0,0.0
fence_nearbarrier,27,30,1,75.16486754192489,7.485281374239662,10.274378700173061
fence_nearbarrier,27,31,0,100.0,0.0,0.0
fence_nearbarrier,27,32,0,100.0,0.0,0.0
fence_nearbarrier,27,41,0,100.0,0.0,0.0
fence_nearbarrier,28,33,0,100.0,0.0,0.0
fence_nearbarrier,28,38,0,100.0,0.0,0.0
fence_nearbarrier,30,36,0,100.0,0.0,0.0
fence_nearbarrier,30,40,0,100.0,0.0,0.0
fence_nearbarrier,30,41,0,99.99999999999999,0.0,0.0
fence_nearbarrier,31,32,0,100.0,0.0,0.0
fence_nearbarrier,33,38,0,100.0,0.0,0.0
fence_nearbarrier,36,40,0,100.0,0.0,0.0
fence_nearbarrier,36,41,0,100.0,0.0,0.0
fence_nearbarrier,36,43,0,100.0,0.0,0.0
fence_nearbarrier,38,40,0,100.00000000000001,0.0,0.0
fence_nearbarrier,38,42,0,100.0,0.0,0.0
fence_nearbarrier,40,42,0,100.0,0.0,0.0
fence_nearbarrier,40,43,0,100.0,0.0,0.0
fence_nearbarrier,40,45,0,100.0,0.0,0.0
fence_nearbarrier,41,43,0,100.0,0.0,0.0
fence_nearbarrier,41,45,0,100.0,0.0,0.0
fence_nearbarrier,42,50,0,100.0,0.0,0.0
fence_nearbarrier,43,45,0,100.0,0.0,0.0
fence_nearbarrier,43,49,0,100.0,0.0,0.0
fence_nearbarrier,45,49,0,100.0,0.0,0.0
fence_nearbarrier,45,50,0,100.0,0.0,0.0
fence_nearbarrier,45,53,0,100.0,0.0,0.0
fence_nearbarrier,49,53,0,100.0,0.0,0.0
fence_nearbarrier,50,53,0,100.0,0.0,0.0
kruger_documented,1,9,0,100.0,0.0,0.0
kruger_documented,1,13,1,14.680979093374587,8.556349186099908,0.3159502139454952
kruger_documented,1,17,1,99.99999999999999,0.0,8.595331273758617
kruger_documented,9,13,1,100.0,2.585786437628272,7.537178383187158
kruger_documented,9,17,0,100.0,0.0,0.0
kruger_documented,13,17,1,76.26712084994612,8.727922061351975,39.08395527367232
kruger_documented,17,24,0,100.0,0.0,0.0
kruger_documented,18,24,0,100.0,0.0,0.0
kruger_documented,18,28,0,100.0,0.0,0.0
kruger_documented,18,33,0,100.0,0.0,0.0
kruger_documented,24,28,0,100.0,0.0,0.0
kruger_documented,24,33,0,100.0,0.0,0.0
kruger_documented,24,38,0,100.0,0.0,0.0
kruger_documented,26,27,0,100.0,0.0,0.0
kruger_documented,26,31,0,100.0,0.0,0.0
kruger_documented,26,32,0,100.0,0.0,0.0
kruger_documented,27,30,1,75.16486754192489,7.485281374239662,10.274378700173061
kruger_documented,27,31,0,100.0,0.0,0.0
kruger_documented,27,32,0,100.0,0.0,0.0
kruger_documented,27,41,0,100.0,0.0,0.0
kruger_documented,28,33,0,100.0,0.0,0.0
kruger_documented,28,38,0,100.0,0.0,0.0
kruger_documented,30,36,0,100.0,0.0,0.0
kruger_documented,30,40,0,100.0,0.0,0.0
kruger_documented,30,41,0,99.99999999999999,0.0,0.0
kruger_documented,31,32,0,100.0,0.0,0.0
kruger_documented,33,38,0,100.0,0.0,0.0
kruger_documented,36,40,0,100.0,0.0,0.0
kruger_documented,36,41,0,100.0,0.0,0.0
kruger_documented,36,43,0,100.0,0.0,0.0
kruger_documented,38,40,0,100.00000000000001,0.0,0.0
kruger_documented,38,42,0,100.0,0.0,0.0
kruger_documented,40,42,0,100.0,0.0,0.0
kruger_documented,40,43,0,100.0,0.0,0.0
kruger_documented,40,45,0,100.0,0.0,0.0
kruger_documented,41,43,0,100.0,0.0,0.0
kruger_documented,41,45,0,100.0,0.0,0.0
kruger_documented,42,50,0,100.0,0.0,0.0
kruger_documented,43,45,0,100.0,0.0,0.0
kruger_documented,43,49,0,100.0,0.0,0.0
kruger_documented,45,49,0,100.0,0.0,0.0
kruger_documented,45,50,0,100.0,0.0,0.0
kruger_documented,45,53,0,100.0,0.0,0.0
kruger_documented,49,53,0,100.0,0.0,0.0
kruger_documented,50,53,0,100.0,0.0,0.0
kruger_conservative,1,9,0,100.0,0.0,0.0
kruger_conservative,1,13,1,14.680979093374587,8.556349186099908,0.3159502139454952
kruger_conservative,1,17,1,99.99999999999999,0.0,8.595331273758617
kruger_conservative,9,13,1,100.0,2.585786437628272,7.537178383187158
kruger_conservative,9,17,0,100.0,0.0,0.0
kruger_conservative,13,17,1,76.26712084994612,8.727922061351975,39.08395527367232
kruger_conservative,17,24,0,100.0,0.0,0.0
kruger_conservative,18,24,0,100.0,0.0,0.0
kruger_conservative,18,28,0,100.0,0.0,0.0
kruger_conservative,18,33,0,100.0,0.0,0.0
kruger_conservative,24,28,0,100.0,0.0,0.0
kruger_conservative,24,33,0,100.0,0.0,0.0
kruger_conservative,24,38,0,100.0,0.0,0.0
kruger_conservative,26,27,0,100.0,0.0,0.0
kruger_conservative,26,31,0,100.0,0.0,0.0
kruger_conservative,26,32,0,100.0,0.0,0.0
kruger_conservative,27,30,1,75.16486754192489,7.485281374239662,10.274378700173061
kruger_conservative,27,31,0,100.0,0.0,0.0
kruger_conservative,27,32,0,100.0,0.0,0.0
kruger_conservative,27,41,0,100.0,0.0,0.0
kruger_conservative,28,33,0,100.0,0.0,0.0
kruger_conservative,28,38,0,100.0,0.0,0.0
kruger_conservative,30,36,0,100.0,0.0,0.0
kruger_conservative,30,40,0,100.0,0.0,0.0
kruger_conservative,30,41,0,99.99999999999999,0.0,0.0
kruger_conservative,31,32,0,100.0,0.0,0.0
kruger_conservative,33,38,0,100.0,0.0,0.0
kruger_conservative,36,40,0,100.0,0.0,0.0
kruger_conservative,36,41,0,100.0,0.0,0.0
kruger_conservative,36,43,0,100.0,0.0,0.0
kruger_conservative,38,40,0,100.00000000000001,0.0,0.0
kruger_conservative,38,42,0,100.0,0.0,0.0
kruger_conservative,40,42,0,100.0,0.0,0.0
kruger_conservative,40,43,0,100.0,0.0,0.0
kruger_conservative,40,45,0,100.0,0.0,0.0
kruger_conservative,41,43,0,100.0,0.0,0.0
kruger_conservative,41,45,0,100.0,0.0,0.0
kruger_conservative,42,50,0,100.0,0.0,0.0
kruger_conservative,43,45,0,100.0,0.0,0.0
kruger_conservative,43,49,0,100.0,0.0,0.0
kruger_conservative,45,49,0,100.0,0.0,0.0
kruger_conservative,45,50,0,100.0,0.0,0.0
kruger_conservative,45,53,0,100.0,0.0,0.0
kruger_conservative,49,53,0,100.0,0.0,0.0
kruger_conservative,50,53,0,100.0,0.0,0.0
