from_core,to_core,effective_resistance_2012,effective_resistance_2016,effective_resistance_2020,effective_resistance_2024,absolute_change_2012_2024,percent_change_2012_2024,direction
1,9,0.4031124278269106,0.41643868128746975,0.3823177770016152,0.44731751277804077,0.04420508495113018,10.965944461060145,increase
1,13,0.631468003282892,0.6285996381326098,0.5852547354422089,0.6623014143214949,0.03083341103860293,4.882814470140278,increase
1,17,0.71471973464225,0.7207115074027093,0.6712804177003129,0.7382274138042307,0.02350767916198071,3.2890765460320446,increase
1,18,0.767223931298001,0.7865208867116303,0.729611160285718,0.819206478474811,0.051982547176809946,6.775407420994426,increase
1,24,0.5562568012527578,0.5664272255379532,0.5232684573052098,0.5904499323104818,0.034193131057724035,6.147004581466143,increase
1,26,1.0447010684906435,1.033918860716644,0.9787527483181067,1.0707348834657404,0.026033814975096936,2.491987015262644,increase
1,27,1.0358993318513723,1.004298571016723,0.9603844100906832,1.0466868059253982,0.010787474074025916,1.0413631655448996,increase
1,28,0.8333247590452515,0.8463147861699882,0.7826012243387936,0.8758307358831733,0.04250597683792179,5.100769703113263,increase
1,30,0.88263887819522,0.8975879042812945,0.8202099615913654,0.9315903119969293,0.0489514338017093,5.546031906254003,increase
1,31,1.4320870979529507,1.4050063634675327,1.3405635525065884,1.4429092620301902,0.01082216407723946,0.7556917517592919,increase
1,32,1.4725613623739633,1.4514058393139813,1.3880774583692852,1.4897728961562429,0.017211533782279576,1.1688160658060667,increase
1,33,0.9030654481549207,0.9228222498323531,0.857808868953206,0.9620377360042023,0.058972287849281546,6.530234100946896,increase
1,36,0.9162606990926399,0.9289041669308957,0.8513630809529724,0.9573915961702668,0.04113089707762696,4.488995011829964,increase
1,38,0.8243435134136576,0.8335802388574198,0.7742453627340209,0.8752216826188846,0.05087816920522692,6.1719620980017496,increase
1,40,1.0609948076047186,1.0444309271338623,0.9825802999074169,1.1151989256074522,0.0542041180027335,5.108801439387217,increase
1,41,1.113164223336152,1.1023756410928092,1.0446449825765898,1.1281261207473552,0.014961897411203129,1.3440871614039425,increase
1,42,0.7765167648415552,0.7902965036251927,0.735142032947096,0.8238495744261389,0.047332809584583746,6.0955296431033,increase
1,43,1.176916241608044,1.1848102631557613,1.111009157111325,1.197625459280474,0.020709217672429947,1.7596169498123784,increase
1,45,1.235305664579416,1.247147472968947,1.166317322612463,1.2580728618385637,0.022767197259147665,1.8430415978784653,increase
1,49,1.3726918671507877,1.3799966882534642,1.3010536047615584,1.3947768730570007,0.022085005906212984,1.6088829863947163,increase
1,50,1.3165756083505773,1.3515977061087696,1.2640236962946,1.383267104781818,0.06669149643124062,5.065527266967415,increase
1,53,1.767041856359215,1.7745931735242624,1.683328428915917,1.7904959020785696,0.02345404571935461,1.3273056116327067,increase
9,13,0.2636118505696039,0.2486095007318619,0.2342196984400477,0.24564470435252078,-0.01796714621708312,-6.815758160439409,decrease
9,17,0.39161132728308123,0.38282057706424955,0.36730722129873966,0.37103029145098576,-0.020581035832095473,-5.255475109691658,decrease
9,18,0.6165956806026185,0.6217071865074834,0.5842102696429311,0.633423245075782,0.01682756447316347,2.7291083934803693,increase
9,24,0.3295804373627212,0.32281632356845813,0.3060546647262893,0.3199478388529816,-0.009632598509739576,-2.922685152923193,decrease
9,26,0.8373834523142528,0.8085383996553485,0.7743115477936537,0.816128510003009,-0.021254942311243807,-2.538256786959681,decrease
9,27,0.8191930515489767,0.7696030843871747,0.7478100103539265,0.782595705964523,-0.03659734558445371,-4.467487305373669,decrease
9,28,0.6410274143195152,0.6368935628525045,0.5961318048794297,0.6429875832793874,0.001960168959872277,0.3057855118338583,increase
9,30,0.6615043899732245,0.6591161220974388,0.6059075908921787,0.6652411512216658,0.003736761248441356,0.5648883522288655,increase
9,31,1.2283197602806664,1.183144469387971,1.1391450275078019,1.191753914129328,-0.03656584615133829,-2.976899609836378,decrease
9,32,1.2696744172680983,1.230443248544925,1.1874344493068032,1.2395020325324606,-0.03017238473563766,-2.376387546703369,decrease
9,33,0.718329024597758,0.7214123099999734,0.6785400613206385,0.7369959235545692,0.018666898956811173,2.59865581336687,increase
9,36,0.7032944581797598,0.6993408904719448,0.6446226109840454,0.7001123347110887,-0.003182123468671083,-0.4524596250775152,decrease
9,38,0.6296741890770288,0.6212369894867866,0.5846787154037674,0.6383945035496142,0.008720314472585478,1.3848931120025172,increase
9,40,0.8586766404718438,0.8249032577762108,0.7857390267596349,0.8692667553636135,0.010590114891769753,1.2333065082509376,increase
9,41,0.9019308401096884,0.8733673466542153,0.8380542786456957,0.8709690159627219,-0.030961824146966466,-3.4328379483288365,decrease
9,42,0.5902007779861878,0.586542871237158,0.5534735332676022,0.5954904614442402,0.005289683458052474,0.8962515224228096,increase
9,43,0.9722066788433383,0.9625767447792082,0.911293494908487,0.9481839688512664,-0.0240227099920719,-2.4709468176717726,decrease
9,45,1.0342613553652238,1.0285308109050237,0.9701564564569956,1.0125742343452515,-0.021687121019972277,-2.096870477415644,decrease
9,49,1.1735290516508623,1.1631201350375326,1.1064753354497308,1.1511800504420227,-0.022349001208839647,-1.9044267525716712,decrease
9,50,1.1289067486128461,1.1464705472270391,1.0808949349640646,1.153363657681655,0.02445690906880893,2.166424206327101,increase
9,53,1.5720432065026615,1.5618435210335635,1.492772495494002,1.5516610814160738,-0.020382125086587655,-1.2965372072649295,decrease
13,17,0.5353423776156514,0.5133079260576889,0.49099642263729726,0.4988365507205157,-0.03650582689513571,-6.819155071886544,decrease
13,18,0.7531271964069353,0.7434101210148367,0.7017993828511551,0.7556411130216928,0.0025139166147575276,0.3337970832484968,increase
13,24,0.4258052738702018,0.40421514097997013,0.3857141847281165,0.40123002134582986,-0.024575252524371927,-5.771476783508135,decrease
13,26,0.8451889925125546,0.8047091270168133,0.7730313073594749,0.8107201865091487,-0.03446880600340596,-4.078236501984963,decrease
13,27,0.8231772801474933,0.7620285809823468,0.7439824655818001,0.7742571011393969,-0.04892017900809631,-5.942848544037926,decrease
13,28,0.7473082687393435,0.7275724484415215,0.6846667910057185,0.7352347573669711,-0.012073511372372447,-1.6155998638606812,decrease
13,30,0.7083297878957862,0.6927359116214339,0.6406561005982105,0.6975983196544171,-0.010731468241369058,-1.5150383938036414,decrease
13,31,1.2374978004809345,1.1807528964759775,1.1387440307673795,1.1873973254577432,-0.05010047502319126,-4.048530430011309,decrease
13,32,1.2797300022648248,1.228887994425631,1.1877619700640887,1.2359471294860385,-0.04378287277878634,-3.4212586015253863,decrease
13,33,0.8276795465381899,0.8152796558776145,0.7699325068063263,0.8316828879877363,0.004003341449546394,0.48368253949134843,increase
13,36,0.7585739057406402,0.7419438265234003,0.6870906771739953,0.7405798244318598,-0.01799408130878044,-2.3720933679114315,decrease
13,38,0.720656600322001,0.6964471131652632,0.6585385758392773,0.7136583983213352,-0.00699820200066581,-0.9710869223342852,decrease
13,40,0.9321087164696785,0.8843149777355588,0.8443547594591831,0.9265844430830531,-0.005524273386625422,-0.592664062572912,decrease
13,41,0.9361851345131657,0.8939066351902751,0.8608360065474381,0.890677967015042,-0.04550716749812367,-4.860915413038285,decrease
13,42,0.6825819371021566,0.66306022072197,0.628790827455137,0.6709665379633107,-0.011615399138845905,-1.701685688923749,decrease
13,43,1.02734440147614,1.003464326384661,0.9532735758354265,0.9875665722800726,-0.039777829196067316,-3.8719079150976574,decrease
13,45,1.096772528137974,1.0764808505052066,1.0186541859409965,1.0586331220842178,-0.03813940605375632,-3.477421714647322,decrease
13,49,1.23478770445832,1.209591596065179,1.1537353346405173,1.1961992600341744,-0.03858844442414555,-3.12510760228809,decrease
13,50,1.2169061528486047,1.2185786105020682,1.1521063406791652,1.2246153983588157,0.007709245510211016,0.6335119180854469,increase
13,53,1.642343222893651,1.6167366503658316,1.5479418918100494,1.6052865157758123,-0.037056707117838705,-2.256331478175941,decrease
17,18,0.7171637647209799,0.7159325986846745,0.6718886631584058,0.7195019941701204,0.0023382294491405275,0.32603842583293935,increase
17,24,0.27601211864797937,0.26844423379847104,0.25280294429854006,0.26006006849204033,-0.015952050155939035,-5.779474551363442,decrease
17,26,0.979532954036525,0.9452175457202923,0.9036667079285479,0.9414444191977478,-0.038088534838777166,-3.888438329901958,decrease
17,27,0.9417535800247594,0.8877407558933088,0.858009262925463,0.8896871978588264,-0.052066382165932956,-5.528663046289041,decrease
17,28,0.7011461402415937,0.6910537132796317,0.6455124020892087,0.6904890652267897,-0.010657075014804063,-1.5199506070349267,decrease
17,30,0.7202629551282385,0.7145279623456327,0.656479424909652,0.7141581155921382,-0.006104839536100304,-0.8475848289342292,decrease
17,31,1.3782132133004978,1.3269590503231299,1.275991812743086,1.3239514645896338,-0.05426174871086409,-3.9371084377372867,decrease
17,32,1.4205767662405462,1.3752341257164233,1.3252052732304658,1.3725257147067573,-0.04805105153378886,-3.3825029858085385,decrease
17,33,0.7888144672300217,0.7858503726496129,0.7376405377349327,0.7939877153440563,0.005173248114034634,0.6558257142773845,increase
17,36,0.7702037455398616,0.7627004733800722,0.7021596515656309,0.7566246689560634,-0.0135790765837982,-1.76304992833814,decrease
17,38,0.6966387909998953,0.6824647428085022,0.6407482495539563,0.6930902031025463,-0.0035485878973490204,-0.5093870658933136,decrease
17,40,0.928174282301854,0.8892951895410035,0.8445951258570855,0.9272813999595202,-0.0008928823423337562,-0.09619770331488021,decrease
17,41,0.9975629888628688,0.9653944912756116,0.9225775826870618,0.9536897398479861,-0.043873249014882654,-4.398042981215068,decrease
17,42,0.6698133492429361,0.6602127058593088,0.6213285356698715,0.6621299922553441,-0.007683356987592038,-1.147089259459555,decrease
17,43,1.0567445555030919,1.0428570924843887,0.9846804833291538,1.0205429526341299,-0.03620160286896201,-3.4257666794154678,decrease
17,45,1.1179968689414588,1.1075352027082577,1.0426528213535313,1.0840785216984414,-0.033918347243017344,-3.03384993154157,decrease
17,49,1.2625699418399927,1.247322209029793,1.183921995646816,1.227375911663315,-0.03519403017667777,-2.7874915290148703,decrease
17,50,1.2113810412694517,1.2233163649692629,1.1516616998711406,1.2230274773210468,0.0116464360515951,0.9614180554939478,increase
17,53,1.6592238545979825,1.643945305521571,1.568308932607864,1.6259906208530028,-0.03323323374497966,-2.002938521700065,decrease
18,24,0.09591849529365366,0.09799463006841516,0.09378260649384719,0.10429610968424971,0.008377614390596047,8.734096969461469,increase
18,26,0.9738351824610403,0.9640253748702035,0.9174717428528982,0.9775380750342213,0.003702892573181016,0.38023811830490684,increase
18,27,0.9374587147921967,0.9089140290673847,0.8727761491581254,0.9284329249625782,-0.009025789829618436,-0.9627933142228191,decrease
18,28,0.4027266956630725,0.41783176689658963,0.388779217237636,0.42733070929811445,0.024604013635041944,6.109357512178941,increase
18,30,0.6629411401924249,0.6816352772152012,0.621624847334742,0.6992598081709911,0.0363186679785662,5.478415167902291,increase
18,31,1.3766894048415745,1.348832248484694,1.2937135768758714,1.3634462339826325,-0.013243170858942,-0.9619577816440001,decrease
18,32,1.4180907088423844,1.3960947927843645,1.3420017582224506,1.4108119993649337,-0.007278709477450684,-0.513275309686814,decrease
18,33,0.3725748991222504,0.3884808716451244,0.3650272848961538,0.4083140605457349,0.03573916142348449,9.59247697783249,increase
18,36,0.6490801057898172,0.6606561960477499,0.6082720771589991,0.6758547388424648,0.0267746330526476,4.125012123128862,increase
18,38,0.37360061013729107,0.3899732874693066,0.3631279276512797,0.40790852944477246,0.034307919307481394,9.183046916029898,increase
18,40,0.7017159496227868,0.6883536731580479,0.6551751781702432,0.7438325662036074,0.042116616580820554,6.00194660011087,increase
18,41,0.9055167195744718,0.9009864021722784,0.8583689671012354,0.9054545207423529,-6.21988321188871e-05,-0.006868877269115043,decrease
18,42,0.164025077959275,0.17672827877032232,0.1634242037983277,0.18339194301195488,0.01936686505267987,11.807258556821644,increase
18,43,0.8760509977451331,0.8896816630189077,0.836683360035458,0.8839001773513264,0.007849179606193357,0.8959729087001047,increase
18,45,0.8941765297007649,0.9121020822062852,0.8547920156294155,0.9058876201087599,0.011711090407995006,1.3097067546510206,increase
18,49,1.0271654729886226,1.0413973564371757,0.985232768662156,1.0363358320258977,0.009170359037275144,0.8927830304296764,increase
18,50,0.8094141088120139,0.8491714325058515,0.7964716664559028,0.8568677295893659,0.047453620777351935,5.862712332380781,increase
18,53,1.3667844914598923,1.3821767556164433,1.317389015659355,1.3770028477210399,0.010218356261147532,0.7476201497013683,increase
24,26,0.7103792363148196,0.685101171730569,0.6565221399806009,0.6885857769712282,-0.021793459343591337,-3.0678626611678026,decrease
24,27,0.6570590844797233,0.6134129761930844,0.5961208000581248,0.6222451925705184,-0.03481389190920492,-5.298441606171761,decrease
24,28,0.1226299803069546,0.12541747367858003,0.11464473087219261,0.12122672157798783,-0.0014032587289667664,-1.1443031511986508,decrease
24,30,0.3325133951945692,0.34051086902516214,0.3041248809716759,0.3497597084256988,0.01724631323112963,5.186652171121708,increase
24,31,1.116206979067042,1.0731075277631843,1.0354714781067316,1.0774478797873432,-0.03875909927969867,-3.47239356199821,decrease
24,32,1.158992996022341,1.1217767969902073,1.0850626318333618,1.1262917946966833,-0.03270120132565779,-2.8215184593770775,decrease
24,33,0.2071476317197248,0.21495201315588292,0.203815539695555,0.22494235616072486,0.017794724441000054,8.590358621660082,increase
24,36,0.3836518372473803,0.3879416217320923,0.3494684206168764,0.39269294488849754,0.009041107641117263,2.35659177497631,increase
24,38,0.22333981774357892,0.22377997921415588,0.21044429262531744,0.23995324667164872,0.0166134289280698,7.438632795493738,increase
24,40,0.5117665333868606,0.48401378702251985,0.46410110213377265,0.5339246515960164,0.022158118209155808,4.329731774861054,increase
24,41,0.6621386065799855,0.6431908903080785,0.6161479247494048,0.6392730657914545,-0.02286554078853098,-3.453286149048742,decrease
24,42,0.17938802980995433,0.18304331644300895,0.1731453143994487,0.1927998511218711,0.01341182131191676,7.476430465357914,increase
24,43,0.6840942032174265,0.6832848159054443,0.6440694165144419,0.6707147547504134,-0.01337944846701311,-1.9557903581242164,decrease
24,45,0.7317503882552518,0.7343966579959817,0.6899332678909519,0.7217543187097981,-0.009996069545453734,-1.3660490935013851,decrease
24,49,0.8815656532281374,0.8799049493194614,0.8360024346586274,0.8696131939030067,-0.011952459325130671,-1.3558218019682233,decrease
24,50,0.7669082307838148,0.793727124080498,0.7467017703861945,0.8019336092934498,0.03502537850963505,4.567088616826753,increase
24,53,1.2592692076916285,1.2585106931911014,1.203773214716207,1.249967473864137,-0.009301733827491443,-0.7386612624748038,decrease
26,27,0.5013817982526944,0.46766136364495825,0.46264109662192265,0.4753966547448106,-0.02598514350788378,-5.182705793956121,decrease
26,28,0.9363729617424156,0.9148229217301109,0.8690758301527504,0.9258290952242331,-0.01054386651818251,-1.126032782766638,decrease
26,30,0.7945836624449456,0.7823353733246334,0.7311885341646476,0.7804741350691206,-0.014109527375825048,-1.775713249931395,decrease
26,31,0.23525096115034666,0.21972828134924724,0.21329134621688892,0.22026418715875407,-0.014986773991592595,-6.370547401085724,decrease
26,32,0.5078632675917117,0.48727972151352716,0.4735563806657277,0.4855379958112185,-0.02232527178049326,-4.395921738218975,decrease
26,33,1.0069897147270306,0.9934313483974945,0.945583174922247,1.0117293857867087,0.004739671059678097,0.47067720656540185,increase
26,36,0.8038519377785904,0.7902430601794604,0.7408622958782951,0.7808643381849493,-0.02298759959364116,-2.8596808085287924,decrease
26,38,0.8507005800623053,0.8250554988009263,0.7878063968010428,0.8397285566357675,-0.010972023426537802,-1.289763247338354,decrease
26,40,1.0005109265181853,0.9568195043840069,0.920360272710752,0.9890538512104401,-0.011457075307745201,-1.1451224573444934,decrease
26,41,0.7320567157445343,0.7050025707097819,0.6882616572809528,0.6981768047615804,-0.033879910982953954,-4.628044556424371,decrease
26,42,0.7539339355998189,0.7355269846817933,0.7056745530943876,0.7350240585532656,-0.018909877046553336,-2.5081610143346196,decrease
26,43,0.9521408077389472,0.9351796742692373,0.8990672430020414,0.9123687034785941,-0.03977210426035305,-4.177124217036767,decrease
26,45,1.0477320958192509,1.0334806024867154,0.9866676590596094,1.0059138479829812,-0.04181824783626964,-3.9913111379460786,decrease
26,49,1.139492977498316,1.1214223233171763,1.0789569898469846,1.1005599905446426,-0.03893298695367342,-3.416693891273319,decrease
26,50,1.2788630489216897,1.2799557386407456,1.2184395986321626,1.2793863803672965,0.0005233314456067895,0.04092161752957453,increase
26,53,1.5973292502199818,1.5750039133262468,1.5172928303914877,1.5564147321994783,-0.0409145180205035,-2.561432967866131,decrease
27,28,0.8892178981163955,0.8495102727970054,0.8141936434808403,0.8665133208206943,-0.02270457729570119,-2.553319871742982,decrease
27,30,0.706709821040804,0.6793913589219419,0.6398581290123326,0.682043399793707,-0.02466642124709706,-3.4903181635101217,decrease
27,31,0.9936973340489643,0.935410455204194,0.9188307356909245,0.9423350613191113,-0.051362272729853053,-5.168804521248941,decrease
27,32,1.05320192199023,0.9997378550556661,0.9833720073814536,1.0064633763624773,-0.0467385456277527,-4.437757342811445,decrease
27,33,0.9633469523642251,0.9315003038995175,0.8939456061243967,0.9557502765426495,-0.007596675821575527,-0.7885711168683236,decrease
27,36,0.7299971720849532,0.7020066158725888,0.6621562423073528,0.6970025387860033,-0.032994633298949916,-4.519830289850791,decrease
27,38,0.8016838559055313,0.7582720896031081,0.7309824853986255,0.7788220004045447,-0.022861855500986517,-2.8517295605464343,decrease
27,40,0.9486641157260844,0.88821315807345,0.861131058878634,0.9258768619041022,-0.022787253821982212,-2.402036025631833,decrease
27,41,0.6855159859136816,0.639848721393937,0.6340353299051023,0.6413060780267319,-0.04420990788694967,-6.449143243249832,decrease
27,42,0.7215184338314675,0.6849946798067158,0.6643732342071342,0.6912622642950906,-0.030256169536376887,-4.193402152694567,decrease
27,43,0.9209955979295451,0.8865679992935156,0.859053195838668,0.8700674759359133,-0.050928121993631836,-5.529681369609301,decrease
27,45,1.0235890728951635,0.9916694757966212,0.9535312523846255,0.9705359519584881,-0.05305312093667547,-5.183048778218952,decrease
27,49,1.1415505421413519,1.1052597440745364,1.0701536695621057,1.0906109905851948,-0.05093955155615704,-4.46231241418389,decrease
27,50,1.2498470293337882,1.2330856112441468,1.180784392291357,1.2392509926498345,-0.010596036683953702,-0.8477866839113709,decrease
27,53,1.5916506704634552,1.55144348881308,1.5014286562688286,1.5391650126595084,-0.05248565780394676,-3.2975613793863476,decrease
28,30,0.5573860217007833,0.5650592294345468,0.5105590188760979,0.5815038356945852,0.024117813993801862,4.326949915286684,increase
28,31,1.3432281066736493,1.303474042933122,1.2491109304117098,1.3154058642485613,-0.027822242425088017,-2.071296921710983,decrease
28,32,1.3852892382823216,1.3513775190314126,1.2980066870210716,1.3633750157426725,-0.021914222539649142,-1.5819239718357667,decrease
28,33,0.18831617188747693,0.1979385859726411,0.1838136292829612,0.19778682037760953,0.0094706484901326,5.029121182322844,increase
28,36,0.5459608736853254,0.5438344281893386,0.4980044947038739,0.5587637376977281,0.012802864012402715,2.345014932293826,increase
28,38,0.22355542979781803,0.22322094071878681,0.21035071927440885,0.2376629276112963,0.014107497813478254,6.310514500245857,increase
28,40,0.6018840794590838,0.5705892693376788,0.5464859293307404,0.6287429505928668,0.026858871133782936,4.462465788748082,increase
28,41,0.847734480152309,0.8307948793473469,0.7902686112042483,0.8344404235362972,-0.013294056616011796,-1.568186375246092,decrease
28,42,0.2836887139467482,0.28849221190127905,0.2709893652472678,0.302237620624216,0.01854890667746778,6.538471840987524,increase
28,43,0.8244965434933931,0.8234847175544593,0.7742757073964439,0.8190729921158623,-0.005423551377530811,-0.6578015905986963,decrease
28,45,0.8568809298491855,0.8591805796282481,0.8059475105967919,0.8549728934985916,-0.001908036350593889,-0.22267228550992624,decrease
28,49,1.011907309991841,1.0109902569586184,0.9570493891181244,1.0077766942478605,-0.004130615743980437,-0.40820099856910236,decrease
28,50,0.8741100849350343,0.9014127903134257,0.8460953572169195,0.914097857182153,0.03998777224711869,4.574683776825509,increase
28,53,1.380269493076445,1.380393658898701,1.3161695714011192,1.37786895987953,-0.0024005331969150223,-0.17391771744259446,decrease
30,31,1.2139407044142079,1.1825248621895168,1.1223750504785432,1.1817992818221468,-0.0321414225920611,-2.6476929618709075,decrease
30,32,1.2584134104257927,1.2327654150406222,1.1734255021786075,1.2320399628794891,-0.026373447546303552,-2.0957697468735588,decrease
30,33,0.6496858302946522,0.6646544995247661,0.6064190843295665,0.6874983268806696,0.037812496586017375,5.82012025241004,increase
30,36,0.2573175602669419,0.28475193052781594,0.23641241694331022,0.27534758703455076,0.018030026767608842,7.006916569900804,increase
30,38,0.45244498597472843,0.45556662980667506,0.40979219623549984,0.4737402616167664,0.02129527564203798,4.706710495677244,increase
30,40,0.5997612481308553,0.5875165014839675,0.5405142216778276,0.6210650578997593,0.021303809768904003,3.552048391805394,increase
30,41,0.6629543377670816,0.6606274562144243,0.6141669898185032,0.6472344431775401,-0.015719894589541483,-2.3711881337843237,decrease
30,42,0.45083848674577726,0.4595088853560153,0.4148042332923543,0.46588427737118765,0.015045790625410393,3.3372906412700623,increase
30,43,0.7296163522266953,0.7431346182467442,0.6820695869125989,0.7187697983382766,-0.010846553888418708,-1.4866105803846665,decrease
30,45,0.8184648317470592,0.832627928135599,0.7645647287632114,0.807666098193349,-0.010798733553710194,-1.3193888283091761,decrease
30,49,0.9900790231140528,0.9976158659372287,0.9298154839791022,0.9779171437459107,-0.01216187936814217,-1.2283746129566442,decrease
30,50,0.9953964240666509,1.025086396644261,0.9475759738539822,1.0307214806309681,0.03532505656431728,3.5488430247718017,increase
30,53,1.4081324850619679,1.4132455163104898,1.3326726927845554,1.3973640205931561,-0.010768464468811745,-0.7647337578706492,decrease
31,32,0.44351125328968627,0.4252393371830571,0.4129332418832626,0.42047588588213874,-0.023035367407547525,-5.193863117719274,decrease
31,33,1.4132951063953518,1.3814721715364926,1.325123020733061,1.4008122320814782,-0.012482874313873626,-0.883246128666754,decrease
31,36,1.222907821405471,1.1896698203578786,1.1319221750491257,1.1817879110887037,-0.041119910316767205,-3.3624701385512985,decrease
31,38,1.260297681307668,1.2160962147950896,1.1704854943831424,1.231958129003252,-0.028339552304416094,-2.2486395654565796,decrease
31,40,1.413511490984173,1.350525452463157,1.3059942040468049,1.3843906942153181,-0.02912079676885493,-2.060174038527218,decrease
31,41,1.1680719494337866,1.1194833043686439,1.0953118859917488,1.1137172376890856,-0.05435471174470097,-4.653370177329314,decrease
31,42,1.1624358687697383,1.1248372937712363,1.0872795038779357,1.1259308064072673,-0.036505062362470975,-3.140393663274176,decrease
31,43,1.3685934178931076,1.3313252485779858,1.2878543788221535,1.3102581799700854,-0.0583352379230222,-4.26242280288231,decrease
31,45,1.4598556943082173,1.425472341676811,1.3714593738965926,1.3998740395136031,-0.05998165479461415,-4.108738625911768,decrease
31,49,1.5451768404441888,1.5066002400730283,1.4579043418217048,1.488128337089675,-0.057048503354513835,-3.6920371740825613,decrease
31,50,1.6860069439878758,1.667966028996065,1.5987889347244288,1.6689194654630088,-0.017087478524866917,-1.0134880277806135,decrease
31,53,2.002226837194819,1.9598487725103844,1.8955671301638763,1.9434238553079575,-0.058802981886861616,-2.936879118514183,decrease
32,33,1.4550502754554717,1.4290685087890846,1.3737267315700163,1.448466457508792,-0.006583817946679726,-0.45248044399144943,decrease
32,36,1.2664388201749692,1.2388578666357324,1.1820867253945933,1.230957431689993,-0.035481388484976284,-2.8016662091955005,decrease
32,38,1.302241491129706,1.26385463629093,1.2192529687878997,1.2797020493856786,-0.022539441744027444,-1.7308188916999012,decrease
32,40,1.455479468365363,1.3982452565614403,1.3547485594263136,1.4320469932397313,-0.023432475125631624,-1.6099488611782649,decrease
32,41,1.2115947653062438,1.168681859387194,1.1453911108593142,1.1624754083854318,-0.04911935692081193,-4.054107720446983,decrease
32,42,1.2026671578251353,1.1708398636868096,1.1343851927272375,1.171763690519519,-0.030903467305616328,-2.5695777177038046,decrease
32,43,1.408845038493451,1.3772684563639417,1.3348942436253175,1.3559678462007136,-0.05287719229273735,-3.7532298335153738,decrease
32,45,1.499234534164172,1.4705423438043086,1.4176508969921546,1.4447262489732933,-0.05450828519087869,-3.635741036426114,decrease
32,49,1.581390701965645,1.5484757181608715,1.5010929760409182,1.5297971898292526,-0.051593512136392405,-3.262540501361393,decrease
32,50,1.7259420051799872,1.713631073139812,1.6455604702141091,1.7144345491862352,-0.011507455993752025,-0.6667348010081016,decrease
32,53,2.0392496422242683,2.0025281120842044,1.9395291433363882,1.985918127989431,-0.053331514234837396,-2.615251861791045,decrease
33,36,0.6266527743394302,0.6314626702386426,0.583344145085793,0.6536130530290273,0.02696027868959705,4.302267506597498,increase
33,38,0.22631708600177275,0.23411524008692447,0.22187727076832242,0.25600860125504726,0.029691515253274514,13.119431580628401,increase
33,40,0.6600565268385779,0.6377040068073527,0.6110621843315827,0.701613742672685,0.0415572158341071,6.296008621132876,increase
33,41,0.9142417817059446,0.9053090535619259,0.8629331237026627,0.9157519097513671,0.0015101280454224986,0.16517819198819048,increase
33,42,0.20353310375664918,0.21016301192018988,0.20043837804700304,0.22862808407774793,0.025094980321098748,12.329679967492227,increase
33,43,0.876484793065139,0.8838001923463632,0.8327201773412989,0.885933932228016,0.00944913916287693,1.0780722309890303,increase
33,45,0.8981887644971052,0.9091011840850916,0.8541304018948652,0.9115968718061604,0.013408107309055284,1.4927939247339024,increase
33,49,1.047137824387956,1.0548506535945936,0.9994271185175989,1.058109997286366,0.010972172898409793,1.0478250945450225,increase
33,50,0.8717130930503392,0.9066509001285012,0.8517417054831746,0.9245775214889111,0.052864428438571975,6.064429783151048,increase
33,53,1.4026556530175966,1.4114598999861847,1.3463203313016696,1.4150730935340738,0.012417440516477196,0.8852807522475665,increase
36,38,0.3843545495294048,0.3709545301409509,0.3438330931851591,0.3897331499813742,0.0053786004519694175,1.3993851402448227,increase
36,40,0.45116293273606334,0.4261652458597686,0.4049205836046884,0.45643906996982975,0.005276137233766409,1.1694527300302446,increase
36,41,0.615049608678774,0.6081683882349467,0.5697220021839915,0.5877441287700248,-0.02730547990874921,-4.439557317564317,decrease
36,42,0.3654144567048789,0.36023543982244927,0.3344646064252327,0.36547112907928647,5.667237440759587e-05,0.015509067407633083,increase
36,43,0.6139599982166859,0.6168642228684683,0.5742571576624679,0.5913755642720269,-0.022584433944659033,-3.678486222271483,decrease
36,45,0.7134202925289106,0.7158227920388,0.6665928824848928,0.6894963673360741,-0.02392392519283648,-3.3534124895763306,decrease
36,49,0.9128845892052277,0.9098385358688601,0.8569795239294924,0.8874917172906537,-0.025392871914574067,-2.781608126026261,decrease
36,50,0.9283156023285315,0.9449719660292761,0.8835031791276138,0.9500056457121379,0.02169004338360636,2.336494542287165,increase
36,53,1.3357123274975427,1.3293190960217367,1.2638980249865708,1.3113485865443868,-0.024363740953155855,-1.8240260609708776,decrease
38,40,0.31457201864003925,0.2787250302667844,0.27687086614092654,0.32961876711035654,0.015046748470317284,4.783244401510195,increase
38,41,0.7256270596832192,0.7040260068035251,0.67449481245368,0.7095106969755889,-0.016116362707630283,-2.22102559332146,decrease
38,42,0.12552155656303657,0.12613416551434914,0.1187216145012926,0.133901442499352,0.008379885936315445,6.6760532340172904,increase
38,43,0.6669705699227302,0.6597873402877631,0.6241789968136645,0.656649495535523,-0.010321074387207196,-1.5474557428227924,decrease
38,45,0.6917140436220759,0.6877393313715766,0.6486473472239104,0.6846227515676236,-0.007091292054452247,-1.0251768226823277,decrease
38,49,0.8613005557611129,0.8549916047098786,0.8130948515411397,0.852146766429084,-0.009153789332028817,-1.0627868832546856,decrease
38,50,0.7148948088608491,0.738680953585138,0.6939999923479323,0.7484560980710315,0.03356128921018242,4.694577271257675,increase
38,53,1.2288889865050348,1.2241708444538255,1.17134533864975,1.2210272593697113,-0.007861727135323404,-0.6397426636300312,decrease
40,41,0.8328246076452758,0.7967209920360616,0.7698271710008129,0.8160621947041438,-0.01676241294113201,-2.012718258713077,decrease
40,42,0.27050980521922086,0.24665693856040247,0.245276581838405,0.27598790844248056,0.0054781032232597004,2.02510338537276,increase
40,43,0.7266117226087869,0.7068471947609978,0.6761552795142893,0.7152981098641649,-0.011313612744622059,-1.557036914296164,decrease
40,45,0.7594052482249392,0.7399177848903904,0.7073977639881339,0.7501112745807044,-0.009293973644234788,-1.2238490142066902,decrease
40,49,0.9752609887181501,0.9486674250419562,0.9115735716023777,0.9633159131903001,-0.011945075527850069,-1.224808094041603,decrease
40,50,0.9209604290046607,0.9142799410968784,0.8739172674157148,0.9558672499314389,0.034906820926778215,3.790262841640676,increase
40,53,1.373447165367635,1.3440698330557854,1.295957061523043,1.3627637124186962,-0.010683452948938799,-0.7778568566981697,decrease
41,42,0.5924567807383591,0.5792863896605136,0.5597231774115098,0.5673845343616182,-0.02507224637674088,-4.231911456139329,decrease
41,43,0.6591872002252999,0.6493110762973797,0.6322226076687387,0.6219549596652296,-0.03723224056007024,-5.648204417098032,decrease
41,45,0.8175744526861592,0.8096501251970578,0.7778894131255141,0.7725884022924315,-0.04498605039372772,-5.502379660460895,decrease
41,49,0.9533210680429289,0.9398739188589702,0.910077103092467,0.9099654837393303,-0.04335558430359865,-4.547847074501695,decrease
41,50,1.1342263789493674,1.1387604159472955,1.086858172084991,1.1284263573740057,-0.005800021575361747,-0.5113636645212132,decrease
41,53,1.4341148041508305,1.4153246779266828,1.3688123603324498,1.3872084682870989,-0.04690633586373161,-3.270751806477992,decrease
42,43,0.41396292347438174,0.4156852255168539,0.39072104756014514,0.3910636266927373,-0.02289929678164443,-5.531726510541362,decrease
42,45,0.30221156117773995,0.30674376026745864,0.2812016807922462,0.28536257106266816,-0.016848990115071794,-5.575230163071883,decrease
42,49,0.25939837911645824,0.25674529420546033,0.24664593743322993,0.24502438244187258,-0.014373996674585665,-5.541282379460199,decrease
42,50,0.29037646297978287,0.2952370444223498,0.27987904870801644,0.29216907613761095,0.0017926131578280824,0.6173410680165531,increase
42,53,0.763214065890143,0.7535935759285202,0.7256906499373663,0.7359394856070028,-0.027274580283140115,-3.573647486610397,decrease
43,45,0.4192294567764474,0.42634861432506543,0.39983856975145504,0.38467040054982554,-0.034559056226621865,-8.243470411729763,decrease
43,49,0.7919490388826134,0.7880720381180593,0.751212242620739,0.7481753902456579,-0.04377364863695543,-5.527331493288647,decrease
43,50,1.0067024100085886,1.0234649142427397,0.9657104342687184,1.0022273902133922,-0.004475019795196378,-0.4445226067511053,decrease
43,53,1.2990427924994465,1.290453453904881,1.2366901781629138,1.2509040972411563,-0.04813869525829029,-3.705705118895134,decrease
45,49,0.7131023263946148,0.7102755128611381,0.6682245248047995,0.6710686504643151,-0.04203367593029972,-5.894480269447225,decrease
45,50,0.9546313551169869,0.9724242694608929,0.9134846777407335,0.9521566308339275,-0.002474724283059393,-0.25923350095243036,decrease
45,53,1.232855845243832,1.225027069989001,1.167515405808411,1.1857423298438696,-0.04711351539996245,-3.821494263235976,decrease
49,50,0.9996988033283283,1.0116698405135438,0.9567652871175752,0.9912765889923782,-0.008422214335950029,-0.842475184316485,decrease
49,53,0.9390742808798294,0.9236710559046077,0.8927674161953392,0.9044335808400762,-0.03464070003975317,-3.6888136268941265,decrease
50,53,1.1984129095376748,1.2063975925914856,1.1484467921601078,1.1835402781616566,-0.01487263137601813,-1.2410273001611534,decrease
