scenario,year,from_core,to_core,path_length_km,cost_raw
veg_low,2012,1,9,99.69848480984201,130765.1953125
veg_low,2012,1,13,209.10764773832616,299824.71875
veg_low,2012,1,17,238.84062043357122,343070.59375
veg_low,2012,9,13,25.970562748475228,48074.64453125
veg_low,2012,9,17,56.242640687126574,87441.890625
veg_low,2012,13,17,98.4264068711922,147888.671875
veg_low,2012,17,24,32.485281374242795,52801.19921875
veg_low,2012,18,24,9.41421356237589,22467.802734375
veg_low,2012,18,28,153.485281374241,209505.84375
veg_low,2012,18,33,117.98275605730149,158444.484375
veg_low,2012,24,28,21.00000000000093,27858.130859375
veg_low,2012,24,33,39.69848480983674,51936.62109375
veg_low,2012,24,38,105.14213562373003,145074.6875
veg_low,2012,26,27,109.69848480983676,205608.328125
veg_low,2012,26,31,24.31370849898871,45284.6796875
veg_low,2012,26,32,117.98275605729822,253273.59375
veg_low,2012,27,30,205.52691193458494,308413.90625
veg_low,2012,27,31,317.509667991873,644704.6875
veg_low,2012,27,32,445.3797256769548,908955.875
veg_low,2012,27,41,158.19595949289325,282374.34375
veg_low,2012,28,33,21.00000000000745,29944.78125
veg_low,2012,28,38,38.041630560343044,60726.11328125
veg_low,2012,30,36,30.99999999999907,40777.0703125
veg_low,2012,30,40,136.26702730475856,188986.65625
veg_low,2012,30,41,169.90663761154985,258306.171875
veg_low,2012,31,32,64.72792206135018,118465.1875
veg_low,2012,33,38,39.698484809829885,56867.51953125
veg_low,2012,36,40,63.84062043356747,94289.609375
veg_low,2012,36,41,149.19595949289504,227582.265625
veg_low,2012,36,43,111.74011537018431,229537.203125
veg_low,2012,38,40,25.556349186109426,39892.13671875
veg_low,2012,38,42,29.698484809835655,44891.72265625
veg_low,2012,40,42,21.82842712474449,48627.46484375
veg_low,2012,40,43,133.78174593052043,254419.734375
veg_low,2012,40,45,137.48023074035248,255104.875
veg_low,2012,41,43,119.95331880576833,253844.9375
veg_low,2012,41,45,148.69343417595414,394748.125
veg_low,2012,42,50,51.41421356237216,74582.9609375
veg_low,2012,43,45,32.38477631084897,66008.953125
veg_low,2012,43,49,147.89949493660833,304343.53125
veg_low,2012,45,49,111.79898987322453,227807.3125
veg_low,2012,45,50,275.9066376115418,413275.09375
veg_low,2012,45,53,268.4264068711961,645270.875
veg_low,2012,49,53,125.14213562373921,348755.0625
veg_low,2012,50,53,260.4924240491836,589320.8125
veg_low,2016,1,9,99.6984848098423,131160.875
veg_low,2016,1,13,209.52186130069828,295158.34375
veg_low,2016,1,17,238.0121933088256,345486.28125
veg_low,2016,9,13,26.38477631084542,45838.234375
veg_low,2016,9,17,56.24264068712548,86259.9609375
veg_low,2016,13,17,97.18376618407225,143429.359375
veg_low,2016,17,24,31.41421356237216,50675.796875
veg_low,2016,18,24,9.41421356237589,22982.919921875
veg_low,2016,18,28,152.65685424949368,218388.109375
veg_low,2016,18,33,117.98275605730039,161415.078125
veg_low,2016,24,28,21.00000000000093,27888.650390625
veg_low,2016,24,33,39.698484809838924,52062.98046875
veg_low,2016,24,38,104.72792206135956,142133.65625
veg_low,2016,26,27,110.52691193457966,196418.46875
veg_low,2016,26,31,24.31370849898871,43545.26953125
veg_low,2016,26,32,117.98275605729711,244987.78125
veg_low,2016,27,30,209.6690475583084,300283.9375
veg_low,2016,27,31,317.92388155423737,618127.0625
veg_low,2016,27,32,448.86500705119545,874830.0
veg_low,2016,27,41,159.0243866176413,267297.125
veg_low,2016,28,33,21.82842712475146,30840.27734375
veg_low,2016,28,38,38.04163056034169,59302.171875
veg_low,2016,30,36,30.99999999999907,43929.3203125
veg_low,2016,30,40,136.26702730475557,184407.34375
veg_low,2016,30,41,170.4924240491773,256289.6875
veg_low,2016,31,32,64.72792206135018,116319.5078125
veg_low,2016,33,38,39.69848480982989,56678.2734375
veg_low,2016,36,40,63.84062043356528,95277.4296875
veg_low,2016,36,41,148.78174593052023,223878.984375
veg_low,2016,36,43,113.3969696196696,233075.78125
veg_low,2016,38,40,25.556349186110793,36244.35546875
veg_low,2016,38,42,29.698484809835655,46434.98046875
veg_low,2016,40,42,21.82842712474449,45987.26953125
veg_low,2016,40,43,133.7817459305215,255302.921875
veg_low,2016,40,45,137.48023074035495,248776.984375
veg_low,2016,41,43,119.9533188057697,251898.71875
veg_low,2016,41,45,148.69343417595277,393410.46875
veg_low,2016,42,50,51.41421356237189,76702.4296875
veg_low,2016,43,45,33.38477631084897,67599.90625
veg_low,2016,43,49,152.45584412271074,303678.21875
veg_low,2016,45,49,111.79898987322562,229567.75
veg_low,2016,45,50,275.9066376115426,414124.09375
veg_low,2016,45,53,267.18376618407467,644221.25
veg_low,2016,49,53,125.55634918611095,349130.65625
veg_low,2016,50,53,263.80613254816285,600978.0625
veg_low,2020,1,9,99.87005768509856,127306.2734375
veg_low,2020,1,13,238.03657992644844,286029.5
veg_low,2020,1,17,237.59797974645167,338966.1875
veg_low,2020,9,13,26.798989873218513,45026.28125
veg_low,2020,9,17,57.6568542494904,84861.3515625
veg_low,2020,13,17,98.01219330881803,140028.5625
veg_low,2020,17,24,32.24264068711781,48874.27734375
veg_low,2020,18,24,9.41421356237589,22486.9609375
veg_low,2020,18,28,153.4852813742377,217480.453125
veg_low,2020,18,33,117.98275605729712,160951.328125
veg_low,2020,24,28,21.00000000000093,26528.296875
veg_low,2020,24,33,39.69848480983566,51981.953125
veg_low,2020,24,38,105.14213562373195,138627.421875
veg_low,2020,26,27,110.52691193458296,197213.125
veg_low,2020,26,31,24.31370849898871,42383.390625
veg_low,2020,26,32,117.98275605729711,235845.765625
veg_low,2020,27,30,204.28427124746767,287496.875
veg_low,2020,27,31,318.7523086789894,609554.625
veg_low,2020,27,32,449.6934341759451,860226.25
veg_low,2020,27,41,159.02438661763995,270481.0625
veg_low,2020,28,33,21.00000000000745,30390.28125
veg_low,2020,28,38,35.5563491860973,57104.140625
veg_low,2020,30,36,30.99999999999907,38572.0703125
veg_low,2020,30,40,136.26702730475913,176541.5625
veg_low,2020,30,41,169.90663761155037,242898.3125
veg_low,2020,31,32,64.72792206135018,112689.15625
veg_low,2020,33,38,39.698484809829885,57206.9453125
veg_low,2020,36,40,63.8406204335642,88038.5859375
veg_low,2020,36,41,148.78174593052134,209646.8125
veg_low,2020,36,43,109.66904755831331,222990.359375
veg_low,2020,38,40,25.556349186111063,36512.16796875
veg_low,2020,38,42,29.698484809835655,44796.6484375
veg_low,2020,40,42,21.82842712474449,46398.62109375
veg_low,2020,40,43,134.1959594928896,246342.0625
veg_low,2020,40,45,136.89444430272664,246433.328125
veg_low,2020,41,43,119.95331880576724,242343.125
veg_low,2020,41,45,190.58073580373778,394107.625
veg_low,2020,42,50,51.828427124745254,76279.5703125
veg_low,2020,43,45,32.3847763108446,64412.328125
veg_low,2020,43,49,151.2132034355939,291321.5625
veg_low,2020,45,49,111.79898987322316,218927.359375
veg_low,2020,45,50,275.7350647362939,412967.5625
veg_low,2020,45,53,284.9949493661209,623806.125
veg_low,2020,49,53,125.14213562373783,342377.90625
veg_low,2020,50,53,275.19090885901545,585046.125
veg_low,2024,1,9,99.87005768509692,142855.734375
veg_low,2024,1,13,209.2792206135827,312257.5
veg_low,2024,1,17,237.18376618407996,349434.375
veg_low,2024,9,13,26.798989873218513,46013.93359375
veg_low,2024,9,17,57.6568542494904,82727.2734375
veg_low,2024,13,17,98.01219330881801,136366.59375
veg_low,2024,17,24,31.41421356237216,48983.1953125
veg_low,2024,18,24,9.41421356237589,23560.740234375
veg_low,2024,18,28,158.45584412271197,228735.421875
veg_low,2024,18,33,117.98275605729823,167284.125
veg_low,2024,24,28,21.00000000000093,27270.27734375
veg_low,2024,24,33,39.698484809833474,54467.83203125
veg_low,2024,24,38,105.14213562372896,149116.859375
veg_low,2024,26,27,109.69848480983347,200911.09375
veg_low,2024,26,31,24.31370849898871,43574.20703125
veg_low,2024,26,32,117.98275605729711,242604.203125
veg_low,2024,27,30,205.5269119345871,298618.9375
veg_low,2024,27,31,322.65180361560397,620835.75
veg_low,2024,27,32,449.6934341759406,874073.0625
veg_low,2024,27,41,158.19595949289348,275377.8125
veg_low,2024,28,33,21.00000000000745,29762.53125
veg_low,2024,28,38,38.04163056034142,60644.140625
veg_low,2024,30,36,30.99999999999907,42104.5703125
veg_low,2024,30,40,136.26702730475722,188904.921875
veg_low,2024,30,41,169.9066376115501,245939.9375
veg_low,2024,31,32,64.72792206135018,114381.8515625
veg_low,2024,33,38,39.69848480982853,61564.515625
veg_low,2024,36,40,63.8406204335631,94639.75
veg_low,2024,36,41,149.1959594928918,214000.96875
veg_low,2024,36,43,114.22539674441454,228851.90625
veg_low,2024,38,40,25.55634918611079,40615.37890625
veg_low,2024,38,42,29.698484809835655,45521.75390625
veg_low,2024,40,42,21.82842712474449,47184.3671875
veg_low,2024,40,43,135.02438661763796,253047.015625
veg_low,2024,40,45,139.2375900532335,258287.421875
veg_low,2024,41,43,119.95331880576833,242943.484375
veg_low,2024,41,45,148.6934341759484,382776.90625
veg_low,2024,42,50,51.828427124744984,79146.6328125
veg_low,2024,43,45,32.97056274847151,61452.13671875
veg_low,2024,43,49,151.21320343559256,287381.9375
veg_low,2024,45,49,111.79898987322427,219427.28125
veg_low,2024,45,50,276.7350647362926,428021.71875
veg_low,2024,45,53,287.4802307403534,632096.5
veg_low,2024,49,53,125.55634918610959,344544.15625
veg_low,2024,50,53,277.705627484775,586001.0
veg_balanced,2012,1,9,99.698484809842,133465.09375
veg_balanced,2012,1,13,209.10764773832702,311715.03125
veg_balanced,2012,1,17,243.3969696196724,366270.03125
veg_balanced,2012,9,13,25.556349186102135,50743.9453125
veg_balanced,2012,9,17,56.242640687126574,96538.2578125
veg_balanced,2012,13,17,98.42640687118784,165013.015625
veg_balanced,2012,17,24,32.07106781186861,59862.44140625
veg_balanced,2012,18,24,9.41421356237589,23775.130859375
veg_balanced,2012,18,28,155.14213562373357,252119.375
veg_balanced,2012,18,33,117.98275605729931,187789.921875
veg_balanced,2012,24,28,21.00000000000093,33970.3984375
veg_balanced,2012,24,33,39.69848480983784,62614.0859375
veg_balanced,2012,24,38,105.1421356237292,174864.953125
veg_balanced,2012,26,27,109.69848480984002,223509.359375
veg_balanced,2012,26,31,23.899494936615614,50034.046875
veg_balanced,2012,26,32,118.15432893255138,273497.8125
veg_balanced,2012,27,30,203.45584412272163,372966.46875
veg_balanced,2012,27,31,317.50966799187825,695424.4375
veg_balanced,2012,27,32,445.79393923934475,977860.6875
veg_balanced,2012,27,41,158.19595949289322,313532.125
veg_balanced,2012,28,33,21.00000000000745,36283.96875
veg_balanced,2012,28,38,35.556349186098394,69777.640625
veg_balanced,2012,30,36,30.99999999999907,50553.203125
veg_balanced,2012,30,40,136.26702730475833,237652.265625
veg_balanced,2012,30,41,169.90663761154846,314232.15625
veg_balanced,2012,31,32,64.31370849897642,128552.9921875
veg_balanced,2012,33,38,41.00000000000186,66737.8046875
veg_balanced,2012,36,40,63.84062043356747,118460.2265625
veg_balanced,2012,36,41,149.19595949289504,276710.90625
veg_balanced,2012,36,43,111.74011537018268,264659.71875
veg_balanced,2012,38,40,25.556349186109426,49111.98046875
veg_balanced,2012,38,42,29.698484809835655,53507.265625
veg_balanced,2012,40,42,21.41421356237139,55018.05859375
veg_balanced,2012,40,43,133.3675323681467,295957.375
veg_balanced,2012,40,45,136.89444430272667,299091.75
veg_balanced,2012,41,43,93.88225099390965,276021.90625
veg_balanced,2012,41,45,147.5218613006976,415009.625
veg_balanced,2012,42,50,51.41421356237216,95022.234375
veg_balanced,2012,43,45,25.5563491861035,73489.4453125
veg_balanced,2012,43,49,146.65685424948933,340498.90625
veg_balanced,2012,45,49,111.79898987322453,254831.71875
veg_balanced,2012,45,50,275.3208511739146,512173.25
veg_balanced,2012,45,53,268.84062043356676,690801.8125
veg_balanced,2012,49,53,125.1421356237373,359500.125
veg_balanced,2012,50,53,259.906637611552,640987.0625
veg_balanced,2016,1,9,99.6984848098409,134277.71875
veg_balanced,2016,1,13,209.52186130069634,303108.875
veg_balanced,2016,1,17,243.3969696196732,373830.21875
veg_balanced,2016,9,13,26.38477631084542,46481.77734375
veg_balanced,2016,9,17,56.65685424949857,94059.4453125
veg_balanced,2016,13,17,101.32590180780845,154541.0
veg_balanced,2016,17,24,32.07106781186833,56723.33203125
veg_balanced,2016,18,24,9.41421356237589,24805.3671875
veg_balanced,2016,18,28,153.4852813742377,266926.75
veg_balanced,2016,18,33,117.98275605729712,193603.90625
veg_balanced,2016,24,28,21.00000000000093,33950.2734375
veg_balanced,2016,24,33,39.69848480983566,62942.08984375
veg_balanced,2016,24,38,104.72792206135956,168877.484375
veg_balanced,2016,26,27,108.56854249492929,204681.828125
veg_balanced,2016,26,31,24.313708498989804,47066.75390625
veg_balanced,2016,26,32,117.98275605729711,258412.015625
veg_balanced,2016,27,30,207.1837661840775,353625.34375
veg_balanced,2016,27,31,317.9238815542363,644522.0
veg_balanced,2016,27,32,443.30865786508275,915499.9375
veg_balanced,2016,27,41,159.02438661764157,283881.625
veg_balanced,2016,28,33,22.656854249499396,37535.6171875
veg_balanced,2016,28,38,35.556349186098664,68052.3671875
veg_balanced,2016,30,36,30.99999999999907,56857.703125
veg_balanced,2016,30,40,136.68124086712865,227381.0
veg_balanced,2016,30,41,169.9066376115501,309789.125
veg_balanced,2016,31,32,64.72792206135018,123799.609375
veg_balanced,2016,33,38,39.69848480982989,67194.828125
veg_balanced,2016,36,40,63.84062043356528,118513.6015625
veg_balanced,2016,36,41,147.9533188057762,268134.40625
veg_balanced,2016,36,43,113.39696961966987,263504.46875
veg_balanced,2016,38,40,25.556349186110793,41868.34375
veg_balanced,2016,38,42,29.698484809835655,56593.78515625
veg_balanced,2016,40,42,21.41421356237139,49848.08984375
veg_balanced,2016,40,43,132.53910524340048,297846.21875
veg_balanced,2016,40,45,137.48023074035575,286591.5625
veg_balanced,2016,41,43,93.29646455628384,269723.9375
veg_balanced,2016,41,45,148.10764773832452,411539.5
veg_balanced,2016,42,50,51.828427124746625,98952.328125
veg_balanced,2016,43,45,25.55634918610459,76188.078125
veg_balanced,2016,43,49,149.97056274847273,337373.5
veg_balanced,2016,45,49,111.79898987322397,256926.375
veg_balanced,2016,45,50,275.9066376115471,512509.125
veg_balanced,2016,45,53,267.5979797464472,688632.8125
veg_balanced,2016,49,53,125.55634918611068,359771.9375
veg_balanced,2016,50,53,260.4924240491822,666005.375
veg_balanced,2020,1,9,99.87005768509856,127228.984375
veg_balanced,2020,1,13,236.37972567695635,283807.1875
veg_balanced,2020,1,17,242.7401153701835,360643.15625
veg_balanced,2020,9,13,26.798989873219607,43928.1328125
veg_balanced,2020,9,17,58.07106781186323,92298.7890625
veg_balanced,2020,13,17,98.01219330881582,149698.390625
veg_balanced,2020,17,24,32.24264068711808,53852.23828125
veg_balanced,2020,18,24,9.41421356237589,23813.447265625
veg_balanced,2020,18,28,158.0416305603464,257074.671875
veg_balanced,2020,18,33,117.98275605729712,193014.03125
veg_balanced,2020,24,28,21.00000000000093,31310.826171875
veg_balanced,2020,24,33,39.698484809838924,62727.453125
veg_balanced,2020,24,38,104.72792206136147,161990.515625
veg_balanced,2020,26,27,108.56854249493257,205056.625
veg_balanced,2020,26,31,24.31370849898871,44784.984375
veg_balanced,2020,26,32,117.98275605729822,239837.046875
veg_balanced,2020,27,30,203.45584412272535,330923.28125
veg_balanced,2020,27,31,318.7523086789904,627627.5
veg_balanced,2020,27,32,449.10764773831977,884418.0
veg_balanced,2020,27,41,158.19595949289376,289308.5
veg_balanced,2020,28,33,21.414213562380546,35992.265625
veg_balanced,2020,28,38,35.55634918609702,62567.73828125
veg_balanced,2020,30,36,30.99999999999907,46143.203125
veg_balanced,2020,30,40,136.26702730475913,212580.21875
veg_balanced,2020,30,41,169.9066376115501,282551.28125
veg_balanced,2020,31,32,64.72792206135018,116792.046875
veg_balanced,2020,33,38,41.82842712474805,66421.8671875
veg_balanced,2020,36,40,63.840620433562016,106041.2734375
veg_balanced,2020,36,41,148.78174593052134,240797.453125
veg_balanced,2020,36,43,109.66904755831357,245200.375
veg_balanced,2020,38,40,25.556349186110793,42405.1796875
veg_balanced,2020,38,42,29.698484809835655,53316.67578125
veg_balanced,2020,40,42,21.82842712474449,50722.1328125
veg_balanced,2020,40,43,134.19595949289072,280097.5
veg_balanced,2020,40,45,136.30865786509838,281541.3125
veg_balanced,2020,41,43,119.36753236814607,257233.515625
veg_balanced,2020,41,45,148.69343417595385,414047.21875
veg_balanced,2020,42,50,59.69848480983516,97096.4765625
veg_balanced,2020,43,45,31.79898987322179,71703.15625
veg_balanced,2020,43,49,150.38477631084803,314540.84375
veg_balanced,2020,45,49,111.38477631085007,236849.875
veg_balanced,2020,45,50,275.7350647362939,507947.1875
veg_balanced,2020,45,53,268.0121933088206,653113.1875
veg_balanced,2020,49,53,125.14213562373784,346942.9375
veg_balanced,2020,50,53,261.0782104868039,635171.3125
veg_balanced,2024,1,9,99.87005768509692,158327.90625
veg_balanced,2024,1,13,209.27922061358106,338084.84375
veg_balanced,2024,1,17,236.7695526217055,384297.09375
veg_balanced,2024,9,13,26.38477631084542,46948.2734375
veg_balanced,2024,9,17,57.6568542494904,88126.4453125
veg_balanced,2024,13,17,98.01219330881474,142264.71875
veg_balanced,2024,17,24,31.414213562371888,53994.23828125
veg_balanced,2024,18,24,9.41421356237589,25957.55859375
veg_balanced,2024,18,28,163.42640687118956,283829.09375
veg_balanced,2024,18,33,117.98275605730149,205155.578125
veg_balanced,2024,24,28,21.00000000000093,32787.66796875
veg_balanced,2024,24,33,39.69848480983675,67720.0546875
veg_balanced,2024,24,38,104.72792206135874,182069.453125
veg_balanced,2024,26,27,108.56854249492822,212299.09375
veg_balanced,2024,26,31,24.31370849898871,47166.49609375
veg_balanced,2024,26,32,117.98275605729712,253825.09375
veg_balanced,2024,27,30,205.5269119345884,348807.28125
veg_balanced,2024,27,31,317.92388155424396,650322.0
veg_balanced,2024,27,32,444.1370849898333,915810.0
veg_balanced,2024,27,41,158.19595949289376,299371.03125
veg_balanced,2024,28,33,21.00000000000745,36027.02734375
veg_balanced,2024,28,38,37.62741699796832,70561.0625
veg_balanced,2024,30,36,30.99999999999907,53208.203125
veg_balanced,2024,30,40,139.8528137423812,234620.0
veg_balanced,2024,30,41,170.49242404917618,286854.6875
veg_balanced,2024,31,32,64.72792206134909,120290.890625
veg_balanced,2024,33,38,39.69848480982907,76249.4296875
veg_balanced,2024,36,40,63.8406204335631,119231.4375
veg_balanced,2024,36,41,149.610173055266,248247.453125
veg_balanced,2024,36,43,114.22539674441454,255532.96875
veg_balanced,2024,38,40,25.55634918611079,50401.171875
veg_balanced,2024,38,42,30.28427124746256,54335.640625
veg_balanced,2024,40,42,21.828427124744216,51967.28515625
veg_balanced,2024,40,43,135.02438661763907,289662.8125
veg_balanced,2024,40,45,143.92388155424788,300501.8125
veg_balanced,2024,41,43,119.36753236814141,258710.109375
veg_balanced,2024,41,45,148.1076477383215,390901.65625
veg_balanced,2024,42,50,51.828427124744984,103699.78125
veg_balanced,2024,43,45,25.5563491861035,65647.234375
veg_balanced,2024,43,49,151.2132034355953,306567.78125
veg_balanced,2024,45,49,112.21320343559763,237444.71875
veg_balanced,2024,45,50,276.7350647362904,539999.875
veg_balanced,2024,45,53,267.59797974644584,665692.75
veg_balanced,2024,49,53,124.72792206136367,350951.3125
veg_balanced,2024,50,53,260.49242404918544,637808.6875
veg_high,2012,1,9,99.28427124746865,137451.109375
veg_high,2012,1,13,208.693434175954,329900.25
veg_high,2012,1,17,242.98275605729884,402859.1875
veg_high,2012,9,13,25.556349186105138,55222.8203125
veg_high,2012,9,17,56.242640687126574,114730.984375
veg_high,2012,13,17,98.4264068711911,198266.34375
veg_high,2012,17,24,32.07106781186833,72904.75
veg_high,2012,18,24,9.41421356237589,26389.7890625
veg_high,2012,18,28,157.21320343560012,334400.78125
veg_high,2012,18,33,117.98275605729933,246251.53125
veg_high,2012,24,28,21.00000000000093,46194.93359375
veg_high,2012,24,33,39.69848480983784,83968.5234375
veg_high,2012,24,38,105.14213562373084,233369.09375
veg_high,2012,26,27,109.22539674442561,250897.4375
veg_high,2012,26,31,23.485281374241865,57718.90625
veg_high,2012,26,32,118.56854249492555,310484.375
veg_high,2012,27,30,208.01219330882807,496150.6875
veg_high,2012,27,31,315.85281374239014,771768.0
veg_high,2012,27,32,446.62236636409295,1066238.125
veg_high,2012,27,41,158.19595949289484,372564.3125
veg_high,2012,28,33,21.00000000000745,48775.3125
veg_high,2012,28,38,35.556349186098394,87840.3125
veg_high,2012,30,36,30.99999999999907,70105.46875
veg_high,2012,30,40,136.26702730475833,334977.6875
veg_high,2012,30,41,169.90663761155037,423485.125
veg_high,2012,31,32,64.31370849897533,147426.484375
veg_high,2012,33,38,41.00000000000186,86136.5390625
veg_high,2012,36,40,63.84062043356747,166597.875
veg_high,2012,36,41,145.8822509939075,367002.0
veg_high,2012,36,43,108.8406204335674,327013.0625
veg_high,2012,38,40,25.556349186109426,67551.140625
veg_high,2012,38,42,29.698484809835655,70738.3515625
veg_high,2012,40,42,21.41421356237139,66887.21875
veg_high,2012,40,43,132.53910524339506,374730.6875
veg_high,2012,40,45,136.30865786509838,385274.78125
veg_high,2012,41,43,93.88225099391182,290391.1875
veg_high,2012,41,45,147.5218613006976,450917.0
veg_high,2012,42,50,52.24264068711808,135379.578125
veg_high,2012,43,45,25.556349186104864,84801.296875
veg_high,2012,43,49,147.89949493661098,402578.78125
veg_high,2012,45,49,111.79898987322453,308655.3125
veg_high,2012,45,50,271.80613254815677,704727.25
veg_high,2012,45,53,267.597979746445,765516.125
veg_high,2012,49,53,125.5563491861036,375126.875
veg_high,2012,50,53,259.90663761154985,737891.4375
veg_high,2016,1,9,99.69848480984038,136695.265625
veg_high,2016,1,13,210.10764773832406,312461.84375
veg_high,2016,1,17,252.02438661765794,412094.53125
veg_high,2016,9,13,25.97056274847396,47306.35546875
veg_high,2016,9,17,61.62741699796672,107534.8125
veg_high,2016,13,17,104.15432893255465,167479.34375
veg_high,2016,17,24,32.07106781186833,65249.875
veg_high,2016,18,24,9.41421356237589,28209.982421875
veg_high,2016,18,28,153.485281374241,361022.03125
veg_high,2016,18,33,117.98275605729711,257302.640625
veg_high,2016,24,28,21.00000000000093,46073.515625
veg_high,2016,24,33,39.69848480983456,84652.015625
veg_high,2016,24,38,104.72792206136009,221775.84375
veg_high,2016,26,27,107.9827560573046,212940.65625
veg_high,2016,26,31,23.485281374242952,53889.33203125
veg_high,2016,26,32,117.56854249492555,283196.6875
veg_high,2016,27,30,206.35533905933,458417.96875
veg_high,2016,27,31,309.63961030678183,689636.0625
veg_high,2016,27,32,439.99494936611364,979339.625
veg_high,2016,27,41,158.1959594928943,316062.8125
veg_high,2016,28,33,22.656854249499396,50239.43359375
veg_high,2016,28,38,35.556349186098664,84284.3125
veg_high,2016,30,36,30.99999999999907,82714.46875
veg_high,2016,30,40,136.68124086712865,313155.21875
veg_high,2016,30,41,171.66399692443326,414501.53125
veg_high,2016,31,32,64.31370849897533,138022.359375
veg_high,2016,33,38,39.69848480983016,88165.46875
veg_high,2016,36,40,63.84062043356528,163994.796875
veg_high,2016,36,41,145.88225099391272,352753.1875
veg_high,2016,36,43,113.81118318204135,322307.125
veg_high,2016,38,40,25.556349186110793,53116.3203125
veg_high,2016,38,42,29.698484809835655,76911.390625
veg_high,2016,40,42,21.41421356237139,56547.27734375
veg_high,2016,40,43,131.22539674441774,370314.59375
veg_high,2016,40,45,142.16652224136718,359335.84375
veg_high,2016,41,43,96.85281374238225,279079.96875
veg_high,2016,41,45,162.4091629284893,434402.40625
veg_high,2016,42,50,51.828427124746625,143312.9375
veg_high,2016,43,45,25.55634918610486,90378.0390625
veg_high,2016,43,49,147.48528137424105,388744.25
veg_high,2016,45,49,111.798989873224,309863.5
veg_high,2016,45,50,271.0487732352799,703223.375
veg_high,2016,45,53,271.74011537018873,770042.6875
veg_high,2016,49,53,125.55634918611042,379297.9375
veg_high,2016,50,53,259.90663761155537,789071.0
veg_high,2020,1,9,100.28427124747057,126198.8828125
veg_high,2020,1,13,235.79393923933023,277893.65625
veg_high,2020,1,17,243.1543289325611,391982.6875
veg_high,2020,9,13,26.798989873219607,40549.9140625
veg_high,2020,9,17,58.07106781186323,106109.84375
veg_high,2020,13,17,99.25483399593293,164796.875
veg_high,2020,17,24,31.41421356237216,62513.21484375
veg_high,2020,18,24,9.41421356237589,26411.791015625
veg_high,2020,18,28,156.38477631085397,329272.78125
veg_high,2020,18,33,117.98275605729604,256900.0625
veg_high,2020,24,28,21.00000000000093,40875.8828125
veg_high,2020,24,33,39.698484809838924,84212.3515625
veg_high,2020,24,38,103.48528137423736,205667.203125
veg_high,2020,26,27,108.5685424949326,214570.125
veg_high,2020,26,31,24.3137084989898,49351.21875
veg_high,2020,26,32,117.98275605729711,246352.671875
veg_high,2020,27,30,204.28427124747154,415132.125
veg_high,2020,27,31,307.15432893255354,656575.0625
veg_high,2020,27,32,442.480230740355,921694.125
veg_high,2020,27,41,158.19595949289237,326035.15625
veg_high,2020,28,33,21.414213562380546,46598.046875
veg_high,2020,28,38,35.5563491860973,73480.734375
veg_high,2020,30,36,30.99999999999907,61285.46875
veg_high,2020,30,40,136.2670273047605,284536.5
veg_high,2020,30,41,170.49242404917564,360442.53125
veg_high,2020,31,32,64.72792206135018,124217.6953125
veg_high,2020,33,38,41.82842712474805,84784.1484375
veg_high,2020,36,40,63.8406204335631,141877.25
veg_high,2020,36,41,145.4680374315396,299929.1875
veg_high,2020,36,43,109.66904755831358,288789.5625
veg_high,2020,38,40,25.556349186110513,54168.875
veg_high,2020,38,42,29.698484809835655,70356.734375
veg_high,2020,40,42,21.41421356237139,58891.66796875
veg_high,2020,40,43,130.05382386916062,338416.21875
veg_high,2020,40,45,136.89444430272695,350327.59375
veg_high,2020,41,43,97.9827560572984,281985.40625
veg_high,2020,41,45,154.55129855222208,446885.90625
veg_high,2020,42,50,59.69848480983543,131344.828125
veg_high,2020,43,45,25.556349186104864,80861.484375
veg_high,2020,43,49,148.7279220613572,353968.3125
veg_high,2020,45,49,111.79898987322316,272377.46875
veg_high,2020,45,50,274.3208511739196,690533.6875
veg_high,2020,45,53,261.38477631084555,704289.875
veg_high,2020,49,53,125.14213562373648,355410.9375
veg_high,2020,50,53,261.6639969244295,717329.3125
veg_high,2024,1,9,102.5979797464545,186135.296875
veg_high,2024,1,13,212.00714267493976,384903.1875
veg_high,2024,1,17,247.95331880576506,449383.46875
veg_high,2024,9,13,25.556349186102413,47678.01953125
veg_high,2024,9,17,58.07106781186323,98513.7734375
veg_high,2024,13,17,98.59797974644711,152279.8125
veg_high,2024,17,24,30.99999999999907,63489.37109375
veg_high,2024,18,24,10.242640687121535,30685.427734375
veg_high,2024,18,28,165.0832611206798,390548.6875
veg_high,2024,18,33,117.98275605730149,280708.59375
veg_high,2024,24,28,21.00000000000093,43822.4453125
veg_high,2024,24,33,39.69848480983675,94190.5078125
veg_high,2024,24,38,105.97056274847652,245581.984375
veg_high,2024,26,27,107.98275605730022,228682.5
veg_high,2024,26,31,24.313708498988706,54341.1875
veg_high,2024,26,32,117.56854249492666,272442.0625
veg_high,2024,27,30,209.59797974646077,437087.5
veg_high,2024,27,31,311.71067811866,700141.125
veg_high,2024,27,32,440.82337649086384,984306.25
veg_high,2024,27,41,158.1959594928935,344489.4375
veg_high,2024,28,33,21.414213562381637,48410.21875
veg_high,2024,28,38,36.38477631084403,87564.03125
veg_high,2024,30,36,30.99999999999907,75415.46875
veg_high,2024,30,40,144.58073580374324,322197.90625
veg_high,2024,30,41,170.4924240491759,366186.34375
veg_high,2024,31,32,64.31370849897642,130679.5859375
veg_high,2024,33,38,39.69848480983016,104929.46875
veg_high,2024,36,40,63.8406204335631,168343.71875
veg_high,2024,36,41,145.05382386916543,312008.625
veg_high,2024,36,43,114.22539674441427,307398.0
veg_high,2024,38,40,25.55634918611079,69335.21875
veg_high,2024,38,42,30.28427124746256,71843.0078125
veg_high,2024,40,42,21.828427124744216,61227.7734375
veg_high,2024,40,43,135.02438661763688,356279.875
veg_high,2024,40,45,143.33809511661852,377028.28125
veg_high,2024,41,43,94.46803743153819,264705.25
veg_high,2024,41,45,148.1076477383207,406351.25
veg_high,2024,42,50,54.31370849898328,152668.734375
veg_high,2024,43,45,25.5563491861035,69321.0
veg_high,2024,43,49,149.97056274847407,343076.40625
veg_high,2024,45,49,113.04163056034491,272551.28125
veg_high,2024,45,50,265.0193359837545,742664.0625
veg_high,2024,45,53,267.1837661840755,715276.3125
veg_high,2024,49,53,123.48528137423803,361458.78125
veg_high,2024,50,53,260.4924240491756,732973.8125
