from_core,to_core,robust_priority_link,importance_rank,edge_betweenness_normalized,effective_cost_2012,path_length_km_2012,effective_cost_2016,path_length_km_2016,effective_cost_2020,path_length_km_2020,effective_cost_2024,path_length_km_2024,cost_change_2012_2016,cost_change_percent_2012_2016,path_length_change_km_2012_2016,cost_change_2016_2020,cost_change_percent_2016_2020,path_length_change_km_2016_2020,cost_change_2020_2024,cost_change_percent_2020_2024,path_length_change_km_2020_2024,cost_change_2012_2024,cost_change_percent_2012_2024,path_length_change_km_2012_2024
38,40,yes,1,0.44805194805194803,30591.373046875,25.556349186109152,30591.373046875,25.556349186109152,30591.373046875,25.556349186109152,30590.603515625,25.556349186109152,0.0,0.0,0.0,0.0,0.0,0.0,-0.76953125,-0.002515517197678088,0.0,-0.76953125,-0.002515517197678088,0.0
24,38,yes,2,0.3463203463203463,114962.8046875,105.14213562373031,114962.8046875,105.14213562373031,114962.8046875,105.14213562373031,114959.6328125,105.14213562373031,0.0,0.0,0.0,0.0,0.0,0.0,-3.171875,-0.0027590445523854555,0.0,-3.171875,-0.0027590445523854555,0.0
17,24,yes,3,0.329004329004329,43852.9765625,32.6568542494899,43852.9765625,32.6568542494899,43852.9765625,32.6568542494899,43851.9921875,32.6568542494899,0.0,0.0,0.0,0.0,0.0,0.0,-0.984375,-0.0022447164985415578,0.0,-0.984375,-0.0022447164985415578,0.0
30,40,yes,4,0.2601731601731602,140072.8125,136.26702730475776,140072.8125,136.26702730475776,140072.8125,136.26702730475776,140068.6875,136.2670273047575,0.0,0.0,0.0,0.0,0.0,0.0,-4.125,-0.002944896962071066,-2.5579538487363607e-13,-4.125,-0.002944896962071066,-2.5579538487363607e-13
27,41,yes,5,0.11255411255411256,249226.28125,158.1959594928913,249226.28125,158.1959594928913,249226.28125,158.1959594928913,249221.515625,158.1959594928913,0.0,0.0,0.0,0.0,0.0,0.0,-4.765625,-0.0019121679206935565,0.0,-4.765625,-0.0019121679206935565,0.0
41,45,yes,6,0.09855699855699855,360009.125,193.16652224136794,360009.09375,193.16652224136794,360010.3125,193.16652224136794,360132.75,193.16652224136794,-0.03125,-8.680335533161832e-06,0.0,1.21875,0.0003385331151791218,0.0,122.4375,0.034009442437846836,0.0,123.625,0.03433940736918821,0.0
33,38,yes,7,0.08658008658008659,46045.03515625,39.69848480982989,46045.03515625,39.69848480982989,46045.03515625,39.69848480982989,46043.8359375,39.69848480982989,0.0,0.0,0.0,0.0,0.0,0.0,-1.19921875,-0.002604447463077291,0.0,-1.19921875,-0.002604447463077291,0.0
9,17,yes,8,0.08658008658008658,77328.109375,57.6568542494904,77328.109375,57.6568542494904,77328.109375,57.6568542494904,77326.3671875,57.6568542494904,0.0,0.0,0.0,0.0,0.0,0.0,-1.7421875,-0.0022529808553204394,0.0,-1.7421875,-0.0022529808553204394,0.0
26,27,yes,9,0.08658008658008658,186498.25,110.52691193458296,186498.203125,110.52691193458296,186498.984375,110.52691193458296,187149.3125,110.52691193457966,-0.046875,-2.5134284101861547e-05,0.0,0.78125,0.00041890484031975844,0.0,650.328125,0.34870330644394426,-3.296918293926865e-12,651.0625,0.3490984499854556,-3.296918293926865e-12
40,43,yes,10,0.08434343434343435,210494.75,137.6101730552651,210503.75,137.6101730552651,210503.75,137.6101730552651,210499.59375,137.6101730552651,9.0,0.004275641078934273,0.0,0.0,0.0,0.0,-4.15625,-0.0019744303842568127,0.0,4.84375,0.0023011262751208763,0.0
42,50,yes,11,0.07698412698412699,54112.99609375,51.41421356237216,54112.99609375,51.41421356237216,54112.99609375,51.41421356237216,54111.44921875,51.41421356237216,0.0,0.0,0.0,0.0,0.0,0.0,-1.546875,-0.0028586016514776987,0.0,-1.546875,-0.0028586016514776987,0.0
36,40,yes,12,0.06399711399711398,69844.3515625,63.84062043356638,69844.3515625,63.84062043356638,69844.3515625,63.84062043356638,69842.421875,63.84062043356638,0.0,0.0,0.0,0.0,0.0,0.0,-1.9296875,-0.0027628397384049375,0.0,-1.9296875,-0.0027628397384049375,0.0
43,49,yes,13,0.04805194805194805,266359.9375,147.89949493660862,266359.625,147.89949493660862,266360.3125,147.89949493660862,266653.53125,147.89949493660862,-0.3125,-0.00011732244831300877,0.0,0.6875,0.0002581096891092259,0.0,293.21875,0.11008349826890972,0.0,293.59375,0.11022444019007176,0.0
40,42,yes,14,0.047113997113997115,41716.85546875,22.242640687117582,41716.85546875,22.242640687117582,41716.85546875,22.242640687117582,41716.18359375,22.242640687117582,0.0,0.0,0.0,0.0,0.0,0.0,-0.671875,-0.0016105600301137273,0.0,-0.671875,-0.0016105600301137273,0.0
41,43,yes,15,0.04646464646464646,226678.71875,119.95331880577162,226678.71875,119.95331880577162,226679.09375,119.95331880577162,226708.6875,119.95331880577162,0.0,0.0,0.0,0.375,0.00016543238027279524,0.0,29.59375,0.013055350412084483,0.0,29.96875,0.013220804390134221,0.0
45,50,yes,16,0.04487734487734488,312998.71875,276.9066376115472,312998.71875,276.9066376115472,312998.71875,276.9066376115472,312990.375,276.9066376115472,0.0,0.0,0.0,0.0,0.0,0.0,-8.34375,-0.0026657457363793123,0.0,-8.34375,-0.0026657457363793123,0.0
45,49,yes,17,0.04285714285714286,200676.1875,111.79898987322426,200675.859375,111.79898987322426,200676.546875,111.79898987322426,200970.84375,111.79898987322426,-0.328125,-0.00016350968397782622,0.0,0.6875,0.0003425922789822362,0.0,294.296875,0.1466523515492398,0.0,294.65625,0.14683169621208794,0.0
50,53,yes,18,0.031385281385281384,518496.9375,279.2914139224044,518498.0625,279.2914139224044,518497.78125,279.2914139224044,518796.78125,279.29141392240336,1.125,0.00021697331625994415,0.0,-0.28125,-5.424321137169148e-05,0.0,299.0,0.057666591991805176,-1.0231815394945443e-12,299.84375,0.05782941581983789,-1.0231815394945443e-12
36,41,yes,19,0.028282828282828278,177982.296875,149.1959594928918,177982.296875,149.1959594928918,177982.296875,149.1959594928918,177977.796875,149.19595949289504,0.0,0.0,0.0,0.0,0.0,0.0,-4.5,-0.002528341345746553,3.240074875066057e-12,-4.5,-0.002528341345746553,3.240074875066057e-12
18,28,yes,20,0.025974025974025986,166076.375,153.4852813742399,166076.625,153.4852813742399,166077.015625,153.4852813742399,166071.75,153.4852813742399,0.25,0.00015053315078679915,0.0,0.390625,0.00023520769403882093,0.0,-5.265625,-0.0031705922581663683,0.0,-4.625,-0.002784863289555784,0.0
18,33,yes,21,0.025974025974025983,128493.203125,117.98275605729823,128493.203125,117.98275605729823,128493.203125,117.98275605729823,128489.6484375,117.98275605729823,0.0,0.0,0.0,0.0,0.0,0.0,-3.5546875,-0.0027664401023157234,0.0,-3.5546875,-0.0027664401023157234,0.0
24,28,yes,22,0.021645021645021644,21697.189453125,21.00000000000093,21697.189453125,21.00000000000093,21697.189453125,21.00000000000093,21696.556640625,21.00000000000093,0.0,0.0,0.0,0.0,0.0,0.0,-0.6328125,-0.0029165643843740204,0.0,-0.6328125,-0.0029165643843740204,0.0
24,33,yes,23,0.021645021645021644,41131.984375,39.69848480983784,41131.984375,39.69848480983784,41131.984375,39.69848480983784,41130.7890625,39.69848480983784,0.0,0.0,0.0,0.0,0.0,0.0,-1.1953125,-0.002906041413179449,0.0,-1.1953125,-0.002906041413179449,0.0
36,43,yes,24,0.015656565656565653,194130.171875,111.7401153701843,194130.171875,111.7401153701843,194130.171875,111.7401153701843,194126.796875,111.7401153701843,0.0,0.0,0.0,0.0,0.0,0.0,-3.375,-0.001738524190960463,0.0,-3.375,-0.001738524190960463,0.0
30,36,yes,25,0.015295815295815295,31000.939453125,30.99999999999907,31000.939453125,30.99999999999907,31000.939453125,30.99999999999907,31000.0,30.99999999999907,0.0,0.0,0.0,0.0,0.0,0.0,-0.939453125,-0.003030402115460085,0.0,-0.939453125,-0.003030402115460085,0.0
43,45,yes,26,0.014430014430014428,56642.765625,33.384776310845695,56642.765625,33.384776310845695,56642.765625,33.384776310845695,56641.7578125,33.384776310845695,0.0,0.0,0.0,0.0,0.0,0.0,-1.0078125,-0.0017792431017089835,0.0,-1.0078125,-0.0017792431017089835,0.0
49,53,yes,27,0.010822510822510822,337559.875,125.97056274848404,337558.90625,125.97056274848404,337559.53125,125.97056274848404,337560.875,126.38477631085686,-0.96875,-0.000286986123572892,0.0,0.625,0.0001851528691520045,0.0,1.34375,0.00039807793162409774,0.41421356237282225,1.0,0.00029624374046234017,0.41421356237282225
9,13,yes,28,0.004329004329004329,45077.7734375,26.798989873218513,45077.7734375,26.798989873218513,45077.7734375,26.798989873218513,45076.96484375,26.798989873218513,0.0,0.0,0.0,0.0,0.0,0.0,-0.80859375,-0.0017937748214674118,0.0,-0.80859375,-0.0017937748214674118,0.0
26,31,yes,29,0.004329004329004329,39982.2578125,24.31370849898871,39981.796875,24.31370849898871,39981.796875,24.31370849898871,39989.6640625,24.31370849898871,-0.4609375,-0.0011528551042855142,0.0,0.0,0.0,0.0,7.8671875,0.019676923287355378,0.0,7.40625,0.01852384133665538,0.0
26,32,yes,30,0.004329004329004329,231094.203125,117.98275605729711,231092.421875,117.98275605729711,231098.40625,117.98275605729711,231384.703125,117.98275605729712,-1.78125,-0.0007707895636986243,0.0,5.984375,0.0025896024419342504,0.0,286.296875,0.1238852658682063,1.4210854715202004e-14,290.5,0.12570631200249843,1.4210854715202004e-14
28,33,yes,31,0.004329004329004329,23498.037109375,21.00000000000745,23498.037109375,21.00000000000745,23498.037109375,21.00000000000745,23497.404296875,21.00000000000745,0.0,0.0,0.0,0.0,0.0,0.0,-0.6328125,-0.002693044091531914,0.0,-0.6328125,-0.002693044091531914,0.0
31,32,yes,32,0.004329004329004329,108092.546875,64.72792206135018,108092.453125,64.72792206135018,108093.1875,64.72792206135018,108225.828125,64.72792206135018,-0.09375,-8.673123421581882e-05,0.0,0.734375,0.0006793952572718059,0.0,132.640625,0.12270951395526197,0.0,133.28125,0.1233029046434891,0.0
