scenario,from_core,to_core,cost_2012,path_length_km_2012,cost_2016,path_length_km_2016,cost_2020,path_length_km_2020,cost_2024,path_length_km_2024,cost_change_2012_2016,cost_change_percent_2012_2016,path_length_change_km_2012_2016,cost_change_2016_2020,cost_change_percent_2016_2020,path_length_change_km_2016_2020,cost_change_2020_2024,cost_change_percent_2020_2024,path_length_change_km_2020_2024,cost_change_2012_2024,cost_change_percent_2012_2024,path_length_change_km_2012_2024
veg_low,1,9,130765.1953125,99.69848480984201,131160.875,99.6984848098423,127306.2734375,99.87005768509856,142855.734375,99.87005768509692,395.6796875,0.3025879222329862,2.8421709430404007e-13,-3854.6015625,-2.9388348945522056,0.17157287525625975,15549.4609375,12.214214207702721,-1.6342482922482304e-12,12090.5390625,9.245991667435877,0.17157287525490972
veg_low,1,13,299824.71875,209.10764773832616,295158.34375,209.52186130069828,286029.5,238.03657992644844,312257.5,209.2792206135827,-4666.375,-1.5563676735709437,0.4142135623721117,-9128.84375,-3.0928631845597283,28.514718625750163,26228.0,9.169683546627184,-28.75735931286573,12432.78125,4.146683202717087,0.17157287525654397
veg_low,1,17,343070.59375,238.84062043357122,345486.28125,238.0121933088256,338966.1875,237.59797974645167,349434.375,237.18376618407996,2415.6875,0.7041371496154354,-0.8284271247456161,-6520.09375,-1.8872221861920895,-0.4142135623739307,10468.1875,3.088268944229135,-0.4142135623717138,6363.78125,1.8549480386644186,-1.6568542494912606
veg_low,9,13,48074.64453125,25.970562748475228,45838.234375,26.38477631084542,45026.28125,26.798989873218513,46013.93359375,26.798989873218513,-2236.41015625,-4.651953598525861,0.41421356237019324,-811.953125,-1.771344677802067,0.41421356237309226,987.65234375,2.1935019200591874,0.0,-2060.7109375,-4.286481902451665,0.8284271247432855
veg_low,9,17,87441.890625,56.242640687126574,86259.9609375,56.24264068712548,84861.3515625,57.6568542494904,82727.2734375,57.6568542494904,-1181.9296875,-1.3516744423662785,-1.0942358130705543e-12,-1398.609375,-1.6213888341699667,1.414213562364921,-2134.078125,-2.514782154309976,0.0,-4714.6171875,-5.391714604752692,1.4142135623638268
veg_low,13,17,147888.671875,98.4264068711922,143429.359375,97.18376618407225,140028.5625,98.01219330881803,136366.59375,98.01219330881801,-4459.3125,-3.015317159497616,-1.2426406871199447,-3400.796875,-2.3710604926488745,0.8284271247457724,-3661.96875,-2.615158425267702,-1.4210854715202004e-14,-11522.078125,-7.7910484818869765,-0.4142135623741865
veg_low,17,24,52801.19921875,32.485281374242795,50675.796875,31.41421356237216,48874.27734375,32.24264068711781,48983.1953125,31.41421356237216,-2125.40234375,-4.025291802454475,-1.071067811870634,-1801.51953125,-3.554990039315489,0.8284271247456516,108.91796875,0.22285335900506842,-0.8284271247456516,-3818.00390625,-7.230903772530617,-1.071067811870634
veg_low,18,24,22467.802734375,9.41421356237589,22982.919921875,9.41421356237589,22486.9609375,9.41421356237589,23560.740234375,9.41421356237589,515.1171875,2.2926905385006235,0.0,-495.958984375,-2.157945927066253,0.0,1073.779296875,4.775119678730486,0.0,1092.9375,4.864460993009527,0.0
veg_low,18,28,209505.84375,153.485281374241,218388.109375,152.65685424949368,217480.453125,153.4852813742377,228735.421875,158.45584412271197,8882.265625,4.239626669124831,-0.8284271247473214,-907.65625,-0.4156161489733122,0.8284271247440245,11254.96875,5.175163371363332,4.970562748474265,19229.578125,9.178540216733214,4.970562748470968
veg_low,18,33,158444.484375,117.98275605730149,161415.078125,117.98275605730039,160951.328125,117.98275605729712,167284.125,117.98275605729823,2970.59375,1.874848317830565,-1.0942358130705543e-12,-463.75,-0.28730277579203073,-3.268496584496461e-12,6332.796875,3.9346036772568573,1.1084466677857563e-12,8839.640625,5.579014416228397,-3.254285729781259e-12
veg_low,24,28,27858.130859375,21.00000000000093,27888.650390625,21.00000000000093,26528.296875,21.00000000000093,27270.27734375,21.00000000000093,30.51953125,0.10955340616374974,0.0,-1360.353515625,-4.877803323470591,0.0,741.98046875,2.7969397064808743,0.0,-587.853515625,-2.110168548609469,0.0
veg_low,24,33,51936.62109375,39.69848480983674,52062.98046875,39.698484809838924,51981.953125,39.69848480983566,54467.83203125,39.698484809833474,126.359375,0.2432953325398482,2.1813661987835076e-12,-81.02734375,-0.15563331760968893,-3.26139115713886e-12,2485.87890625,4.782196044600815,-2.1884716261411086e-12,2531.2109375,4.873653472625702,-3.268496584496461e-12
veg_low,24,38,145074.6875,105.14213562373003,142133.65625,104.72792206135956,138627.421875,105.14213562373195,149116.859375,105.14213562372896,-2941.03125,-2.0272532036300266,-0.41421356237046325,-3506.234375,-2.466857229671808,0.4142135623723817,10489.4375,7.566639672097704,-2.9842794901924208e-12,4042.171875,2.7862695723538953,-1.0658141036401503e-12
veg_low,26,27,205608.328125,109.69848480983676,196418.46875,110.52691193457966,197213.125,110.52691193458296,200911.09375,109.69848480983347,-9189.859375,-4.469594913204588,0.8284271247429018,794.65625,0.4045730806563983,3.296918293926865e-12,3697.96875,1.8751129013345333,-0.8284271247494814,-4697.234375,-2.2845545303711177,-3.282707439211663e-12
veg_low,26,31,45284.6796875,24.31370849898871,43545.26953125,24.31370849898871,42383.390625,24.31370849898871,43574.20703125,24.31370849898871,-1739.41015625,-3.8410565521348543,0.0,-1161.87890625,-2.6682092423751897,0.0,1190.81640625,2.809629877859731,0.0,-1710.47265625,-3.7771552499733025,0.0
veg_low,26,32,253273.59375,117.98275605729822,244987.78125,117.98275605729711,235845.765625,117.98275605729711,242604.203125,117.98275605729711,-8285.8125,-3.2714869234171795,-1.1084466677857563e-12,-9142.015625,-3.7316210540602217,0.0,6758.4375,2.865617486109997,0.0,-10669.390625,-4.212594951975722,-1.1084466677857563e-12
veg_low,27,30,308413.90625,205.52691193458494,300283.9375,209.6690475583084,287496.875,204.28427124746767,298618.9375,205.5269119345871,-8129.96875,-2.636057773416305,4.142135623723448,-12787.0625,-4.258323840581716,-5.384776310840721,11122.0625,3.8685855281035666,1.242640687119433,-9794.96875,-3.1759166987950955,2.1600499167107046e-12
veg_low,27,31,644704.6875,317.509667991873,618127.0625,317.92388155423737,609554.625,318.7523086789894,620835.75,322.65180361560397,-26577.625,-4.122449474202094,0.4142135623643526,-8572.4375,-1.3868406708046372,0.828427124752011,11281.125,1.8507160043285702,3.8994949366145875,-23868.9375,-3.7023055614125653,5.142135623730951
veg_low,27,32,908955.875,445.3797256769548,874830.0,448.86500705119545,860226.25,449.6934341759451,874073.0625,449.6934341759406,-34125.875,-3.7544039197722334,3.4852813742406283,-14603.75,-1.669324325869026,0.8284271247496235,13846.8125,1.6096710022508613,-4.490630090003833e-12,-34882.8125,-3.837679414306003,4.313708498985761
veg_low,27,41,282374.34375,158.19595949289325,267297.125,159.0243866176413,270481.0625,159.02438661763995,275377.8125,158.19595949289348,-15077.21875,-5.339443573297371,0.8284271247480604,3183.9375,1.1911603987510153,-1.3642420526593924e-12,4896.75,1.8103855237554756,-0.8284271247464687,-6996.53125,-2.4777503356304837,2.2737367544323206e-13
veg_low,28,33,29944.78125,21.00000000000745,30840.27734375,21.82842712475146,30390.28125,21.00000000000745,29762.53125,21.00000000000745,895.49609375,2.990491352312016,0.8284271247440103,-449.99609375,-1.4591181808590152,-0.8284271247440103,-627.75,-2.0656274775344503,0.0,-182.25,-0.6086202416322544,0.0
veg_low,28,38,60726.11328125,38.041630560343044,59302.171875,38.04163056034169,57104.140625,35.5563491860973,60644.140625,38.04163056034142,-1423.94140625,-2.3448584625449116,-1.3571366253017914e-12,-2198.03125,-3.706493675532015,-2.485281374244387,3540.0,6.199200200291956,2.485281374244117,-81.97265625,-0.13498749025867618,-1.6271428648906294e-12
veg_low,30,36,40777.0703125,30.99999999999907,43929.3203125,30.99999999999907,38572.0703125,30.99999999999907,42104.5703125,30.99999999999907,3152.25,7.730447469232958,0.0,-5357.25,-12.195157953481027,0.0,3532.5,9.158180961977628,0.0,1327.5,3.2555060719824733,0.0
veg_low,30,40,188986.65625,136.26702730475856,184407.34375,136.26702730475557,176541.5625,136.26702730475913,188904.921875,136.26702730475722,-4579.3125,-2.4230877411483913,-2.9842794901924208e-12,-7865.78125,-4.265438181607125,3.552713678800501e-12,12363.359375,7.003087091743623,-1.9042545318370685e-12,-81.734375,-0.043248754500359074,-1.3358203432289883e-12
veg_low,30,41,258306.171875,169.90663761154985,256289.6875,170.4924240491773,242898.3125,169.90663761155037,245939.9375,169.9066376115501,-2016.484375,-0.7806566758984841,0.5857864376274335,-13391.375,-5.225093186786924,-0.585786437626922,3041.625,1.2522215443551095,-2.5579538487363607e-13,-12366.234375,-4.787432791572743,2.5579538487363607e-13
veg_low,31,32,118465.1875,64.72792206135018,116319.5078125,64.72792206135018,112689.15625,64.72792206135018,114381.8515625,64.72792206135018,-2145.6796875,-1.8112322554674554,0.0,-3630.3515625,-3.121016956460912,0.0,1692.6953125,1.5020924539933274,0.0,-4083.3359375,-3.446865719517812,0.0
veg_low,33,38,56867.51953125,39.698484809829885,56678.2734375,39.69848480982989,57206.9453125,39.698484809829885,61564.515625,39.69848480982853,-189.24609375,-0.3327841539598099,7.105427357601002e-15,528.671875,0.9327593148774629,-7.105427357601002e-15,4357.5703125,7.6172050241386495,-1.3571366253017914e-12,4696.99609375,8.259541004191142,-1.3571366253017914e-12
veg_low,36,40,94289.609375,63.84062043356747,95277.4296875,63.84062043356528,88038.5859375,63.8406204335642,94639.75,63.8406204335631,987.8203125,1.047644930388174,-2.1955770534987096e-12,-7238.84375,-7.597648019832872,-1.0800249583553523e-12,6601.1640625,7.498035085645596,-1.0942358130705543e-12,350.140625,0.3713459280623942,-4.369837824924616e-12
veg_low,36,41,227582.265625,149.19595949289504,223878.984375,148.78174593052023,209646.8125,148.78174593052134,214000.96875,149.1959594928918,-3703.28125,-1.6272275169727428,-0.4142135623748118,-14232.171875,-6.357082561693661,1.1084466677857563e-12,4354.15625,2.0769007637547556,0.41421356237046325,-13581.296875,-5.967642881883715,-3.240074875066057e-12
veg_low,36,43,229537.203125,111.74011537018431,233075.78125,113.3969696196696,222990.359375,109.66904755831331,228851.90625,114.22539674441454,3538.578125,1.541614203198678,1.656854249485292,-10085.421875,-4.327099890392408,-3.7279220613562956,5861.546875,2.628609995261146,4.5563491861012295,-685.296875,-0.29855590539142585,2.485281374230226
veg_low,38,40,39892.13671875,25.556349186109426,36244.35546875,25.556349186110793,36512.16796875,25.556349186111063,40615.37890625,25.55634918611079,-3647.78125,-9.14411097033436,1.3677947663381929e-12,267.8125,0.7389081597296131,2.7000623958883807e-13,4103.2109375,11.237927424665257,-2.7355895326763857e-13,723.2421875,1.8129943567551838,1.3642420526593924e-12
veg_low,38,42,44891.72265625,29.698484809835655,46434.98046875,29.698484809835655,44796.6484375,29.698484809835655,45521.75390625,29.698484809835655,1543.2578125,3.4377335535043048,0.0,-1638.33203125,-3.52822810456994,0.0,725.10546875,1.618660087398419,0.0,630.03125,1.4034463654343294,0.0
veg_low,40,42,48627.46484375,21.82842712474449,45987.26953125,21.82842712474449,46398.62109375,21.82842712474449,47184.3671875,21.82842712474449,-2640.1953125,-5.429432360875666,0.0,411.3515625,0.8944900766949685,0.0,785.74609375,1.693468631669836,0.0,-1443.09765625,-2.967659656712453,0.0
veg_low,40,43,254419.734375,133.78174593052043,255302.921875,133.7817459305215,246342.0625,134.1959594928896,253047.015625,135.02438661763796,883.1875,0.34713796953275355,1.0800249583553523e-12,-8960.859375,-3.509892996597731,0.41421356236810425,6704.953125,2.7218060354593323,0.8284271247483446,-1372.71875,-0.5395488496095557,1.2426406871175288
veg_low,40,45,255104.875,137.48023074035248,248776.984375,137.48023074035495,246433.328125,136.89444430272664,258287.421875,139.2375900532335,-6327.890625,-2.4805055665831555,2.4726887204451486e-12,-2343.65625,-0.9420711710482161,-0.5857864376283146,11854.09375,4.8102640337621745,2.3431457505068636,3182.546875,1.2475445147804407,1.7573593128810217
veg_low,41,43,253844.9375,119.95331880576833,251898.71875,119.9533188057697,242343.125,119.95331880576724,242943.484375,119.95331880576833,-1946.21875,-0.7666959085997136,1.3642420526593924e-12,-9555.59375,-3.7934268968964338,-2.4584778657299466e-12,600.359375,0.2477311353478668,1.0942358130705543e-12,-10901.453125,-4.2945324150890345,0.0
veg_low,41,45,394748.125,148.69343417595414,393410.46875,148.69343417595277,394107.625,190.58073580373778,382776.90625,148.6934341759484,-1337.65625,-0.3388632308259856,-1.3642420526593924e-12,697.15625,0.17720836260791548,41.88730162778501,-11330.71875,-2.8750315982848593,-41.887301627789384,-11971.21875,-3.0326220675525692,-5.7411853049416095e-12
veg_low,42,50,74582.9609375,51.41421356237216,76702.4296875,51.41421356237189,76279.5703125,51.828427124745254,79146.6328125,51.828427124744984,2119.46875,2.841759999011168,-2.7000623958883807e-13,-422.859375,-0.5512985399847279,0.41421356237336227,2867.0625,3.7586243449645806,-2.7000623958883807e-13,4563.671875,6.118920216675662,0.41421356237282225
veg_low,43,45,66008.953125,32.38477631084897,67599.90625,33.38477631084897,64412.328125,32.3847763108446,61452.13671875,32.97056274847151,1590.953125,2.410208084935448,1.0,-3187.578125,-4.715358795338566,-1.0000000000043698,-2960.19140625,-4.595690751163948,0.5857864376269077,-4556.81640625,-6.903330821836905,0.5857864376225379
veg_low,43,49,304343.53125,147.89949493660833,303678.21875,152.45584412271074,291321.5625,151.2132034355939,287381.9375,151.21320343559256,-665.3125,-0.21860576345008156,4.556349186102409,-12356.65625,-4.0689965519629485,-1.2426406871168467,-3939.625,-1.3523286660251934,-1.3358203432289883e-12,-16961.59375,-5.573173735724011,3.3137084989842265
veg_low,45,49,227807.3125,111.79898987322453,229567.75,111.79898987322562,218927.359375,111.79898987322316,219427.28125,111.79898987322427,1760.4375,0.772774798438483,1.0942358130705543e-12,-10640.390625,-4.634967509591395,-2.4584778657299466e-12,499.921875,0.22835057090497554,1.1084466677857563e-12,-8380.03125,-3.67856113047293,-2.5579538487363607e-13
veg_low,45,50,413275.09375,275.9066376115418,414124.09375,275.9066376115426,412967.5625,275.7350647362939,428021.71875,276.7350647362926,849.0,0.20543217165503333,7.958078640513122e-13,-1156.53125,-0.2792716645697459,-0.17157287524867115,15054.15625,3.6453604633899057,0.9999999999986926,14746.625,3.568234627011079,0.8284271247508173
veg_low,45,53,645270.875,268.4264068711961,644221.25,267.18376618407467,623806.125,284.9949493661209,632096.5,287.4802307403534,-1049.625,-0.16266424546125688,-1.2426406871214226,-20415.125,-3.168961750330341,17.81118318204625,8290.375,1.328998653227395,2.4852813742324997,-13174.375,-2.0416813326651386,19.053823869157327
veg_low,49,53,348755.0625,125.14213562373921,349130.65625,125.55634918611095,342377.90625,125.14213562373783,344544.15625,125.55634918610959,375.59375,0.1076955692937074,0.4142135623717422,-6752.75,-1.9341612886508015,-0.4142135623731207,2166.25,0.6327072981216936,0.41421356237175644,-4210.90625,-1.2074107884813858,0.414213562370378
veg_low,50,53,589320.8125,260.4924240491836,600978.0625,263.80613254816285,585046.125,275.19090885901545,586001.0,277.705627484775,11657.25,1.9780821842262697,3.3137084989792243,-15931.9375,-2.6510015080625347,11.384776310852601,954.875,0.16321362695975467,2.514718625759542,-3319.8125,-0.563328569021139,17.213203435591367
veg_balanced,1,9,133465.09375,99.698484809842,134277.71875,99.6984848098409,127228.984375,99.87005768509856,158327.90625,99.87005768509692,812.625,0.6088670656630022,-1.0942358130705543e-12,-7048.734375,-5.249370067213776,0.1715728752576524,31098.921875,24.44326819692103,-1.6342482922482304e-12,24862.8125,18.62870043501543,0.17157287525492393
veg_balanced,1,13,311715.03125,209.10764773832702,303108.875,209.52186130069634,283807.1875,236.37972567695635,338084.84375,209.27922061358106,-8606.15625,-2.760905117564811,0.4142135623693264,-19301.6875,-6.367905756636126,26.85786437626001,54277.65625,19.124834972687225,-27.100505063375294,26369.8125,8.459589643224815,0.17157287525404286
veg_balanced,1,17,366270.03125,243.3969696196724,373830.21875,243.3969696196732,360643.15625,242.7401153701835,384297.09375,236.7695526217055,7560.1875,2.064102125472489,7.958078640513122e-13,-13187.0625,-3.5275539104608566,-0.6568542494896974,23653.9375,6.5588205654464025,-5.970562748478017,18027.0625,4.921795659469478,-6.627416997966918
veg_balanced,9,13,50743.9453125,25.556349186102135,46481.77734375,26.38477631084542,43928.1328125,26.798989873219607,46948.2734375,26.38477631084542,-4262.16796875,-8.39936260868561,0.8284271247432855,-2553.64453125,-5.493861631763456,0.4142135623741865,3020.140625,6.875185516969212,-0.4142135623741865,-3795.671875,-7.480048805083735,0.8284271247432855
veg_balanced,9,17,96538.2578125,56.242640687126574,94059.4453125,56.65685424949857,92298.7890625,58.07106781186323,88126.4453125,57.6568542494904,-2478.8125,-2.5676996417466293,0.414213562371998,-1760.65625,-1.871854808573933,1.4142135623646581,-4172.34375,-4.520475070561005,-0.41421356237282936,-8411.8125,-8.713449662969595,1.4142135623638268
veg_balanced,13,17,165013.015625,98.42640687118784,154541.0,101.32590180780845,149698.390625,98.01219330881582,142264.71875,98.01219330881474,-10472.015625,-6.34617553369133,2.899494936620613,-4842.609375,-3.133543444781644,-3.313708498992625,-7433.671875,-4.9657660606529985,-1.0800249583553523e-12,-22748.296875,-13.785759134719772,-0.41421356237309226
veg_balanced,17,24,59862.44140625,32.07106781186861,56723.33203125,32.07106781186833,53852.23828125,32.24264068711808,53994.23828125,31.414213562371888,-3139.109375,-5.24387128432797,-2.7711166694643907e-13,-2871.09375,-5.061574571145182,0.17157287524975118,142.0,0.2636844902497597,-0.8284271247461952,-5868.203125,-9.802812894275515,-0.6568542494967211
veg_balanced,18,24,23775.130859375,9.41421356237589,24805.3671875,9.41421356237589,23813.447265625,9.41421356237589,25957.55859375,9.41421356237589,1030.236328125,4.333251977533313,0.0,-991.919921875,-3.998811686104979,0.0,2144.111328125,9.003783888190144,0.0,2182.427734375,9.179456244777832,0.0
veg_balanced,18,28,252119.375,155.14213562373357,266926.75,153.4852813742377,257074.671875,158.0416305603464,283829.09375,163.42640687118956,14807.375,5.873160283694976,-1.656854249495865,-9852.078125,-3.6909294872095058,4.55634918610869,26754.421875,10.407257035422406,5.384776310843165,31709.71875,12.577263746588297,8.28427124745599
veg_balanced,18,33,187789.921875,117.98275605729931,193603.90625,117.98275605729712,193014.03125,117.98275605729712,205155.578125,117.98275605730149,5813.984375,3.0960044697553077,-2.1884716261411086e-12,-589.875,-0.30468135247142,0.0,12141.546875,6.290499605841479,4.362732397567015e-12,17365.65625,9.24738456494978,2.1742607714259066e-12
veg_balanced,24,28,33970.3984375,21.00000000000093,33950.2734375,21.00000000000093,31310.826171875,21.00000000000093,32787.66796875,21.00000000000093,-20.125,-0.0592427552388787,0.0,-2639.447265625,-7.774450684422414,0.0,1476.841796875,4.716712963012057,0.0,-1182.73046875,-3.481650269501641,0.0
veg_balanced,24,33,62614.0859375,39.69848480983784,62942.08984375,39.69848480983566,62727.453125,39.698484809838924,67720.0546875,39.69848480983675,328.00390625,0.5238500272564967,-2.1742607714259066e-12,-214.63671875,-0.3410066606984657,3.26139115713886e-12,4992.6015625,7.959196992345606,-2.1742607714259066e-12,5105.96875,8.15466467896164,-1.0871303857129533e-12
veg_balanced,24,38,174864.953125,105.1421356237292,168877.484375,104.72792206135956,161990.515625,104.72792206136147,182069.453125,104.72792206135874,-5987.46875,-3.424053043790847,-0.414213562369639,-6886.96875,-4.078085823866951,1.9042545318370685e-12,20078.9375,12.395131543677373,-2.7284841053187847e-12,7204.5,4.120036560356353,-0.41421356237046325
veg_balanced,26,27,223509.359375,109.69848480984002,204681.828125,108.56854249492929,205056.625,108.56854249493257,212299.09375,108.56854249492822,-18827.53125,-8.423598592312864,-1.1299423149107355,374.796875,0.18311194424700472,3.282707439211663e-12,7242.46875,3.531935995728009,-4.348521542851813e-12,-11210.265625,-5.015568769176962,-1.1299423149118013
veg_balanced,26,31,50034.046875,23.899494936615614,47066.75390625,24.313708498989804,44784.984375,24.31370849898871,47166.49609375,24.31370849898871,-2967.29296875,-5.930547605240057,0.41421356237419005,-2281.76953125,-4.847943276043525,-1.0942358130705543e-12,2381.51171875,5.317656692271649,0.0,-2867.55078125,-5.731198974198507,0.4142135623730958
veg_balanced,26,32,273497.8125,118.15432893255138,258412.015625,117.98275605729711,239837.046875,117.98275605729822,253825.09375,117.98275605729712,-15085.796875,-5.5158747841904585,-0.17157287525427023,-18574.96875,-7.188121150277878,1.1084466677857563e-12,13988.046875,5.832312837928826,-1.0942358130705543e-12,-19672.71875,-7.193007713727144,-0.17157287525425602
veg_balanced,27,30,372966.46875,203.45584412272163,353625.34375,207.1837661840775,330923.28125,203.45584412272535,348807.28125,205.5269119345884,-19341.125,-5.185754382913276,3.7279220613558834,-22702.0625,-6.419806414115363,-3.72792206135216,17884.0,5.404273743583884,2.0710678118630597,-24159.1875,-6.477576276754772,2.071067811866783
veg_balanced,27,31,695424.4375,317.50966799187825,644522.0,317.9238815542363,627627.5,318.7523086789904,650322.0,317.92388155424396,-50902.4375,-7.319621623161611,0.41421356235804296,-16894.5,-2.62124489156305,0.8284271247541142,22694.5,3.6159186778782,-0.8284271247464403,-45102.4375,-6.485598588128419,0.4142135623657168
veg_balanced,27,32,977860.6875,445.79393923934475,915499.9375,443.30865786508275,884418.0,449.10764773831977,915810.0,444.1370849898333,-62360.75,-6.377263223397556,-2.4852813742620015,-31081.9375,-3.3950780581019977,5.798989873237019,31392.0,3.549452860525227,-4.970562748486486,-62050.6875,-6.345554974567888,-1.6568542495114684
veg_balanced,27,41,313532.125,158.19595949289322,283881.625,159.02438661764157,289308.5,158.19595949289376,299371.03125,158.19595949289376,-29650.5,-9.45692566591063,0.8284271247483446,5426.875,1.9116682877942524,-0.8284271247478046,10062.53125,3.4781319076349293,0.0,-14161.09375,-4.5166324662903365,5.400124791776761e-13
veg_balanced,28,33,36283.96875,21.00000000000745,37535.6171875,22.656854249499396,35992.265625,21.414213562380546,36027.02734375,21.00000000000745,1251.6484375,3.4495907714064495,1.6568542494919463,-1543.3515625,-4.111698909306765,-1.2426406871188505,34.76171875,0.09658107970245344,-0.4142135623730958,-256.94140625,-0.708140303009163,0.0
veg_balanced,28,38,69777.640625,35.556349186098394,68052.3671875,35.556349186098664,62567.73828125,35.55634918609702,70561.0625,37.62741699796832,-1725.2734375,-2.472530486910541,2.7000623958883807e-13,-5484.62890625,-8.059424136031272,-1.6413537196058314e-12,7993.32421875,12.775472533175138,2.071067811871295,783.421875,1.1227405627115958,2.0710678118699235
veg_balanced,30,36,50553.203125,30.99999999999907,56857.703125,30.99999999999907,46143.203125,30.99999999999907,53208.203125,30.99999999999907,6304.5,12.471019856864904,0.0,-10714.5,-18.844412297915877,0.0,7065.0,15.311030707732213,0.0,2655.0,5.2518927305855065,0.0
veg_balanced,30,40,237652.265625,136.26702730475833,227381.0,136.68124086712865,212580.21875,136.26702730475913,234620.0,139.8528137423812,-10271.265625,-4.321972524851666,0.41421356237032114,-14800.78125,-6.509242746755446,-0.41421356236952533,22039.78125,10.367747939858587,3.585786437622062,-3032.265625,-1.2759254017736654,3.5857864376228576
veg_balanced,30,41,314232.15625,169.90663761154846,309789.125,169.9066376115501,282551.28125,169.9066376115501,286854.6875,170.49242404917618,-4443.03125,-1.413932712368612,1.6484591469634324e-12,-27237.84375,-8.792382156733229,0.0,4303.40625,1.5230531714320443,0.5857864376260693,-27377.46875,-8.71249749762044,0.5857864376277178
veg_balanced,31,32,128552.9921875,64.31370849897642,123799.609375,64.72792206135018,116792.046875,64.72792206135018,120290.890625,64.72792206134909,-4753.3828125,-3.697605735669683,0.41421356237376017,-7007.5625,-5.660407601750562,0.0,3498.84375,2.995789391160116,-1.0942358130705543e-12,-8262.1015625,-6.427000587002575,0.41421356237266593
veg_balanced,33,38,66737.8046875,41.00000000000186,67194.828125,39.69848480982989,66421.8671875,41.82842712474805,76249.4296875,39.69848480982907,457.0234375,0.6848044217816481,-1.301515190171969,-772.9609375,-1.150328022362212,2.1299423149181607,9827.5625,14.795673346938761,-2.129942314918985,9511.625,14.252229369153236,-1.3015151901727933
veg_balanced,36,40,118460.2265625,63.84062043356747,118513.6015625,63.84062043356528,106041.2734375,63.840620433562016,119231.4375,63.8406204335631,53.375,0.04505731716783369,-2.1955770534987096e-12,-12472.328125,-10.523963461208732,-3.26139115713886e-12,13190.1640625,12.43870771721182,1.0871303857129533e-12,771.2109375,0.6510294297749858,-4.369837824924616e-12
veg_balanced,36,41,276710.90625,149.19595949289504,268134.40625,147.9533188057762,240797.453125,148.78174593052134,248247.453125,149.610173055266,-8576.5,-3.0994441513813658,-1.2426406871188362,-27336.953125,-10.195242567830661,0.8284271247451329,7450.0,3.093886543780279,0.8284271247446497,-28463.453125,-10.286350296321217,0.4142135623709464
veg_balanced,36,43,264659.71875,111.74011537018268,263504.46875,113.39696961966987,245200.375,109.66904755831357,255532.96875,114.22539674441454,-1155.25,-0.43650390223956215,1.6568542494871963,-18304.09375,-6.946407336782595,-3.7279220613563098,10332.59375,4.213938804131112,4.556349186100974,-9126.75,-3.448484734702379,2.4852813742318602
veg_balanced,38,40,49111.98046875,25.556349186109426,41868.34375,25.556349186110793,42405.1796875,25.556349186110793,50401.171875,25.55634918611079,-7243.63671875,-14.749225442779961,1.3677947663381929e-12,536.8359375,1.2822000810576606,0.0,7995.9921875,18.85616862474237,-3.552713678800501e-15,1289.19140625,2.6250039072855427,1.3642420526593924e-12
veg_balanced,38,42,53507.265625,29.698484809835655,56593.78515625,29.698484809835655,53316.67578125,29.698484809835655,54335.640625,30.28427124746256,3086.51953125,5.768412000122646,0.0,-3277.109375,-5.790581714851227,0.0,1018.96484375,1.9111559916650724,0.5857864376269042,828.375,1.5481542372312171,0.5857864376269042
veg_balanced,40,42,55018.05859375,21.41421356237139,49848.08984375,21.41421356237139,50722.1328125,21.82842712474449,51967.28515625,21.828427124744216,-5169.96875,-9.39685783566944,0.0,874.04296875,1.7534131628507894,0.41421356237309936,1245.15234375,2.4548501309139423,-2.7355895326763857e-13,-3050.7734375,-5.545040147684464,0.4142135623728258
veg_balanced,40,43,295957.375,133.3675323681467,297846.21875,132.53910524340048,280097.5,134.19595949289072,289662.8125,135.02438661763907,1888.84375,0.638214793599923,-0.8284271247462129,-17748.71875,-5.95902100905889,1.6568542494902374,9565.3125,3.414993886057534,0.8284271247483446,-6294.5625,-2.1268476583832383,1.656854249492369
veg_balanced,40,45,299091.75,136.89444430272667,286591.5625,137.48023074035575,281541.3125,136.30865786509838,300501.8125,143.92388155424788,-12500.1875,-4.179382246417696,0.585786437629082,-5050.25,-1.7621767912305513,-1.1715728752573682,18960.5,6.734535628763186,7.615223689149502,1410.0625,0.47144814258500944,7.029437251521216
veg_balanced,41,43,276021.90625,93.88225099390965,269723.9375,93.29646455628384,257233.515625,119.36753236814607,258710.109375,119.36753236814141,-6297.96875,-2.2816916365673423,-0.5857864376258135,-12490.421875,-4.630816971890009,26.071067811862235,1476.59375,0.5740285228432701,-4.661160346586257e-12,-17311.796875,-6.271892369049965,25.48528137423176
veg_balanced,41,45,415009.625,147.5218613006976,411539.5,148.10764773832452,414047.21875,148.69343417595385,390901.65625,148.1076477383215,-3470.125,-0.8361553060365768,0.585786437626922,2507.71875,0.6093506820122978,0.5857864376293378,-23145.5625,-5.590078003633493,-0.5857864376323505,-24107.96875,-5.80901436924505,0.5857864376239093
veg_balanced,42,50,95022.234375,51.41421356237216,98952.328125,51.828427124746625,97096.4765625,59.69848480983516,103699.78125,51.828427124744984,3930.09375,4.1359727813704135,0.4142135623744636,-1855.8515625,-1.8755006553818767,7.870057685088533,6603.3046875,6.8007665378563145,-7.870057685090174,8677.546875,9.13212253119048,0.41421356237282225
veg_balanced,43,45,73489.4453125,25.5563491861035,76188.078125,25.55634918610459,71703.15625,31.79898987322179,65647.234375,25.5563491861035,2698.6328125,3.67213659189367,1.0906830993917538e-12,-4484.921875,-5.886645240796983,6.242640687117198,-6055.921875,-8.445823296655787,-6.242640687118289,-7842.2109375,-10.671207142947505,0.0
veg_balanced,43,49,340498.90625,146.65685424948933,337373.5,149.97056274847273,314540.84375,150.38477631084803,306567.78125,151.2132034355953,-3125.40625,-0.9178902465270401,3.3137084989834023,-22832.65625,-6.767768141244051,0.41421356237529494,-7973.0625,-2.5348258130626315,0.8284271247472645,-33931.125,-9.965120115565716,4.556349186105962
veg_balanced,45,49,254831.71875,111.79898987322453,256926.375,111.79898987322397,236849.875,111.38477631085007,237444.71875,112.21320343559763,2094.65625,0.8219762674264818,-5.542233338928781e-13,-20076.5,-7.81410627850099,-0.4142135623739023,594.84375,0.25114801094997413,0.828427124747563,-17387.0,-6.822934007307518,0.41421356237310647
veg_balanced,45,50,512173.25,275.3208511739146,512509.125,275.9066376115471,507947.1875,275.7350647362939,539999.875,276.7350647362904,335.875,0.06557839559172604,0.585786437632521,-4561.9375,-0.8901182978937204,-0.17157287525321863,32052.6875,6.310240176297856,0.9999999999964757,27826.625,5.433049266044254,1.414213562375778
veg_balanced,45,53,690801.8125,268.84062043356676,688632.8125,267.5979797464472,653113.1875,268.0121933088206,665692.75,267.59797974644584,-2169.0,-0.31398296309478774,-1.2426406871195468,-35519.625,-5.157991945090476,0.4142135623733907,12579.5625,1.9260922518120185,-0.41421356237475493,-25109.0625,-3.6347707903560256,-1.242640687120911
veg_balanced,49,53,359500.125,125.1421356237373,359771.9375,125.55634918611068,346942.9375,125.14213562373784,350951.3125,124.72792206136367,271.8125,0.07560845771611345,0.4142135623733765,-12829.0,-3.565870114591692,-0.41421356237283646,4008.375,1.1553412872109552,-0.4142135623741723,-8548.8125,-2.3779720521654895,-0.41421356237363227
veg_balanced,50,53,640987.0625,259.906637611552,666005.375,260.4924240491822,635171.3125,261.0782104868039,637808.6875,260.49242404918544,25018.3125,3.903091647813094,0.5857864376301904,-30834.0625,-4.6297017497794215,0.5857864376217208,2637.375,0.4152226254708252,-0.5857864376184807,-3178.375,-0.49585634187429484,0.5857864376334305
veg_high,1,9,137451.109375,99.28427124746865,136695.265625,99.69848480984038,126198.8828125,100.28427124747057,186135.296875,102.5979797464545,-755.84375,-0.5499000724234787,0.414213562371728,-10496.3828125,-7.6786732623901,0.5857864376301904,59936.4140625,47.49361700099242,2.313708498983928,48684.1875,35.419275785674245,3.3137084989858465
veg_high,1,13,329900.25,208.693434175954,312461.84375,210.10764773832406,277893.65625,235.79393923933023,384903.1875,212.00714267493976,-17438.40625,-5.285963332855916,1.4142135623700653,-34568.1875,-11.063170813156287,25.686291501006167,107009.53125,38.50736742033851,-23.78679656439047,55002.9375,16.672596489393385,3.3137084989857613
veg_high,1,17,402859.1875,242.98275605729884,412094.53125,252.02438661765794,391982.6875,243.1543289325611,449383.46875,247.95331880576506,9235.34375,2.2924495795444653,9.041630560359096,-20111.84375,-4.88039569197753,-8.870057685096839,57400.78125,14.64370317375305,4.798989873203965,46524.28125,11.548521839284104,4.970562748466222
veg_high,9,13,55222.8203125,25.556349186105138,47306.35546875,25.97056274847396,40549.9140625,26.798989873219607,47678.01953125,25.556349186102413,-7916.46484375,-14.33549536034483,0.4142135623688219,-6756.44140625,-14.28231225868419,0.8284271247456481,7128.10546875,17.57859574686984,-1.2426406871171949,-7544.80078125,-13.66246913604699,-2.7249313916399842e-12
veg_high,9,17,114730.984375,56.242640687126574,107534.8125,61.62741699796672,106109.84375,58.07106781186323,98513.7734375,58.07106781186323,-7196.171875,-6.272213137716312,5.384776310840145,-1424.96875,-1.3251232013818781,-3.556349186103489,-7596.0703125,-7.1586857958218415,0.0,-16217.2109375,-14.134988055618694,1.8284271247366561
veg_high,13,17,198266.34375,98.4264068711911,167479.34375,104.15432893255465,164796.875,99.25483399593293,152279.8125,98.59797974644711,-30787.0,-15.52810195502483,5.727922061363543,-2682.46875,-1.6016714001484138,-4.899494936621721,-12517.0625,-7.595448942827344,-0.6568542494858178,-45986.53125,-23.194320518658376,0.17157287525600395
veg_high,17,24,72904.75,32.07106781186833,65249.875,32.07106781186833,62513.21484375,31.41421356237216,63489.37109375,30.99999999999907,-7654.875,-10.499830257973588,0.0,-2736.66015625,-4.194123216711143,-0.6568542494961704,976.15625,1.561519836149644,-0.41421356237309226,-9415.37890625,-12.914630262431459,-1.0710678118692627
veg_high,18,24,26389.7890625,9.41421356237589,28209.982421875,9.41421356237589,26411.791015625,9.41421356237589,30685.427734375,10.242640687121535,1820.193359375,6.897339554568484,0.0,-1798.19140625,-6.374308850528103,0.0,4273.63671875,16.180791057379455,0.8284271247456445,4295.638671875,16.27765444316916,0.8284271247456445
veg_high,18,28,334400.78125,157.21320343560012,361022.03125,153.485281374241,329272.78125,156.38477631085397,390548.6875,165.0832611206798,26621.25,7.9608815208173205,-3.7279220613591235,-31749.25,-8.794269394051003,2.8994949366129674,61275.90625,18.60946599271937,8.698484809825828,56147.90625,16.79060259372525,7.870057685079672
veg_high,18,33,246251.53125,117.98275605729933,257302.640625,117.98275605729711,256900.0625,117.98275605729604,280708.59375,117.98275605730149,11051.109375,4.487732246335016,-2.2168933355715126e-12,-402.578125,-0.15646093799197675,-1.0658141036401503e-12,23808.53125,9.267623767121504,5.4427573559223674e-12,34457.0625,13.992628726039646,2.1600499167107046e-12
veg_high,24,28,46194.93359375,21.00000000000093,46073.515625,21.00000000000093,40875.8828125,21.00000000000093,43822.4453125,21.00000000000093,-121.41796875,-0.26283827966456347,0.0,-5197.6328125,-11.281172582540473,0.0,2946.5625,7.208559906867455,0.0,-2372.48828125,-5.135819226658633,0.0
veg_high,24,33,83968.5234375,39.69848480983784,84652.015625,39.69848480983456,84212.3515625,39.698484809838924,94190.5078125,39.69848480983675,683.4921875,0.8139861933010426,-3.275602011854062e-12,-439.6640625,-0.5193781379614965,4.362732397567015e-12,9978.15625,11.848803726368452,-2.1742607714259066e-12,10221.984375,12.173590717727095,-1.0871303857129533e-12
veg_high,24,38,233369.09375,105.14213562373084,221775.84375,104.72792206136009,205667.203125,103.48528137423736,245581.984375,105.97056274847652,-11593.25,-4.967774358510145,-0.41421356237074747,-16108.640625,-7.263478453117147,-1.24264068712273,39914.78125,19.407460520450933,2.4852813742391646,12212.890625,5.233293933121767,0.8284271247456871
veg_high,26,27,250897.4375,109.22539674442561,212940.65625,107.9827560573046,214570.125,108.5685424949326,228682.5,107.98275605730022,-37956.78125,-15.12840530704902,-1.2426406871210105,1629.46875,0.7652220006718421,0.585786437628002,14112.375,6.577045616205892,-0.5857864376323789,-22214.9375,-8.854190669045794,-1.2426406871253874
veg_high,26,31,57718.90625,23.485281374241865,53889.33203125,23.485281374242952,49351.21875,24.3137084989898,54341.1875,24.313708498988706,-3829.57421875,-6.634869694451287,1.0871303857129533e-12,-4538.11328125,-8.421171890975348,0.8284271247468489,4989.96875,10.111135806549862,-1.0942358130705543e-12,-3377.71875,-5.85201447749194,0.8284271247468418
veg_high,26,32,310484.375,118.56854249492555,283196.6875,117.56854249492555,246352.671875,117.98275605729711,272442.0625,117.56854249492666,-27287.6875,-8.788747420864576,-1.0,-36844.015625,-13.010044697291878,0.4142135623715575,26089.390625,10.590260875367257,-0.41421356237044904,-38042.3125,-12.252569070504755,-0.9999999999988916
veg_high,27,30,496150.6875,208.01219330882807,458417.96875,206.35533905933,415132.125,204.28427124747154,437087.5,209.59797974646077,-37732.71875,-7.605092505288527,-1.6568542494980818,-43285.84375,-9.442440458438073,-2.0710678118584553,21955.375,5.288768003680755,5.313708498989229,-59063.1875,-11.904284119328162,1.5857864376326916
veg_high,27,31,771768.0,315.85281374239014,689636.0625,309.63961030678183,656575.0625,307.15432893255354,700141.125,311.71067811866,-82131.9375,-10.642050136828685,-6.213203435608307,-33061.0,-4.793977838129659,-2.4852813742282933,43566.0625,6.635351384518963,4.556349186106445,-71626.875,-9.280881689834251,-4.142135623730155
veg_high,27,32,1066238.125,446.62236636409295,979339.625,439.99494936611364,921694.125,442.480230740355,984306.25,440.82337649086384,-86898.5,-8.150008704669045,-6.62741699797931,-57645.5,-5.886160278667372,2.4852813742413673,62612.125,6.793156569160078,-1.6568542494911753,-81931.875,-7.684200468821165,-5.798989873229118
veg_high,27,41,372564.3125,158.19595949289484,316062.8125,158.1959594928943,326035.15625,158.19595949289237,344489.4375,158.1959594928935,-56501.5,-15.165569568609715,-5.400124791776761e-13,9972.34375,3.1551778177003977,-1.9326762412674725e-12,18454.28125,5.660212064937399,1.1368683772161603e-12,-28074.875,-7.53557816947376,-1.3358203432289883e-12
veg_high,28,33,48775.3125,21.00000000000745,50239.43359375,22.656854249499396,46598.046875,21.414213562380546,48410.21875,21.414213562381637,1464.12109375,3.001766710874482,1.6568542494919463,-3641.38671875,-7.248064833284673,-1.2426406871188505,1812.171875,3.8889438432069476,1.0906830993917538e-12,-365.09375,-0.7485216009636022,0.4142135623741865
veg_high,28,38,87840.3125,35.556349186098394,84284.3125,35.556349186098664,73480.734375,35.5563491860973,87564.03125,36.38477631084403,-3556.0,-4.048255178964669,2.7000623958883807e-13,-10803.578125,-12.81801773610006,-1.3642420526593924e-12,14083.296875,19.16597186294792,0.8284271247467316,-276.28125,-0.31452671573772006,0.8284271247456374
veg_high,30,36,70105.46875,30.99999999999907,82714.46875,30.99999999999907,61285.46875,30.99999999999907,75415.46875,30.99999999999907,12609.0,17.985758065414835,0.0,-21429.0,-25.907196556829724,0.0,14130.0,23.056036427884873,0.0,5310.0,7.574302111773555,0.0
veg_high,30,40,334977.6875,136.26702730475833,313155.21875,136.68124086712865,284536.5,136.2670273047605,322197.90625,144.58073580374324,-21822.46875,-6.514603677894218,0.41421356237032114,-28618.71875,-9.138828618036563,-0.4142135623681611,37661.40625,13.23605451321711,8.313708498982749,-12779.78125,-3.8151141783137423,8.313708498984909
veg_high,30,41,423485.125,169.90663761155037,414501.53125,171.66399692443326,360442.53125,170.49242404917564,366186.34375,170.4924240491759,-8983.59375,-2.1213481229122277,1.7573593128828975,-54059.0,-13.041930107465676,-1.171572875257624,5743.8125,1.5935446019870885,2.5579538487363607e-13,-57298.78125,-13.530293714566715,0.5857864376255293
veg_high,31,32,147426.484375,64.31370849897533,138022.359375,64.31370849897533,124217.6953125,64.72792206135018,130679.5859375,64.31370849897642,-9404.125,-6.378857258835044,0.0,-13804.6640625,-10.001759225831956,0.4142135623748544,6461.890625,5.202069325745848,-0.41421356237376017,-16746.8984375,-11.35949114468599,1.0942358130705543e-12
veg_high,33,38,86136.5390625,41.00000000000186,88165.46875,39.69848480983016,84784.1484375,41.82842712474805,104929.46875,39.69848480983016,2028.9296875,2.355480855839616,-1.301515190171699,-3381.3203125,-3.835198020767059,2.1299423149178907,20145.3203125,23.76071551553112,-2.1299423149178907,18792.9296875,21.81760480748361,-1.301515190171699
veg_high,36,40,166597.875,63.84062043356747,163994.796875,63.84062043356528,141877.25,63.8406204335631,168343.71875,63.8406204335631,-2603.078125,-1.562491793487762,-2.1955770534987096e-12,-22117.546875,-13.486736955355006,-2.1742607714259066e-12,26466.46875,18.6544838936475,0.0,1745.84375,1.0479387867342247,-4.369837824924616e-12
veg_high,36,41,367002.0,145.8822509939075,352753.1875,145.88225099391272,299929.1875,145.4680374315396,312008.625,145.05382386916543,-14248.8125,-3.8824890600051223,5.229594535194337e-12,-52824.0,-14.974776096105439,-0.41421356237310647,12079.4375,4.0274298079109085,-0.4142135623741865,-54993.375,-14.98448918534504,-0.8284271247420634
veg_high,36,43,327013.0625,108.8406204335674,322307.125,113.81118318204135,288789.5625,109.66904755831358,307398.0,114.22539674441427,-4705.9375,-1.4390671320660164,4.970562748473952,-33517.5625,-10.399262039273875,-4.142135623727768,18608.4375,6.443597662917614,4.5563491861006895,-19615.0625,-5.9982504521512805,5.384776310846874
veg_high,38,40,67551.140625,25.556349186109426,53116.3203125,25.556349186110793,54168.875,25.556349186110513,69335.21875,25.55634918611079,-14434.8203125,-21.36872920123249,1.3677947663381929e-12,1052.5546875,1.9816031707533395,-2.8066438062523957e-13,15166.34375,27.998262378533802,2.7711166694643907e-13,1784.078125,2.6410777205140645,1.3642420526593924e-12
veg_high,38,42,70738.3515625,29.698484809835655,76911.390625,29.698484809835655,70356.734375,29.698484809835655,71843.0078125,30.28427124746256,6173.0390625,8.726580314846448,0.0,-6554.65625,-8.522347856065696,0.0,1486.2734375,2.1124821251341652,0.5857864376269042,1104.65625,1.5616086968382272,0.5857864376269042
veg_high,40,42,66887.21875,21.41421356237139,56547.27734375,21.41421356237139,58891.66796875,21.41421356237139,61227.7734375,21.828427124744216,-10339.94140625,-15.458770149939893,0.0,2344.390625,4.145894789502396,0.0,2336.10546875,3.966784350529213,0.4142135623728258,-5659.4453125,-8.46117601877414,0.4142135623728258
veg_high,40,43,374730.6875,132.53910524339506,370314.59375,131.22539674441774,338416.21875,130.05382386916062,356279.875,135.02438661763688,-4416.09375,-1.178471338833172,-1.31370849897732,-31898.375,-8.6138584701673,-1.1715728752571124,17863.65625,5.27860523824259,4.9705627484762545,-18450.8125,-4.923752741760707,2.485281374241822
veg_high,40,45,385274.78125,136.30865786509838,359335.84375,142.16652224136718,350327.59375,136.89444430272695,377028.28125,143.33809511661852,-25938.9375,-6.732581202393455,5.857864376268793,-9008.25,-2.506916623176421,-5.272077938640223,26700.6875,7.621634143684977,6.443650813891566,-8246.5,-2.140420396384301,7.029437251520136
veg_high,41,43,290391.1875,93.88225099391182,279079.96875,96.85281374238225,281985.40625,97.9827560572984,264705.25,94.46803743153819,-11311.21875,-3.89516598192223,2.970562748470428,2905.4375,1.0410770479205165,1.1299423149161498,-17280.15625,-6.128032113364023,-3.51471862576021,-25685.9375,-8.84528822004972,0.5857864376263677
veg_high,41,45,450917.0,147.5218613006976,434402.40625,162.4091629284893,446885.90625,154.55129855222208,406351.25,148.1076477383207,-16514.59375,-3.662446470192962,14.887301627791715,12483.5,2.873717967578592,-7.85786437626723,-40534.65625,-9.070470937457541,-6.443650813901371,-44565.75,-9.883359908808051,0.5857864376231134
veg_high,42,50,135379.578125,52.24264068711808,143312.9375,51.828427124746625,131344.828125,59.69848480983543,152668.734375,54.31370849898328,7933.359375,5.8600857565643265,-0.414213562371458,-11968.109375,-8.351032072732442,7.870057685088803,21323.90625,16.235055886407785,-5.384776310852146,17289.15625,12.770874669173814,2.0710678118651984
veg_high,43,45,84801.296875,25.556349186104864,90378.0390625,25.55634918610486,80861.484375,25.556349186104864,69321.0,25.5563491861035,5576.7421875,6.576246346468389,-3.552713678800501e-15,-9516.5546875,-10.529720257505172,3.552713678800501e-15,-11540.484375,-14.271917544180008,-1.3642420526593924e-12,-15480.296875,-18.254787892947537,-1.3642420526593924e-12
veg_high,43,49,402578.78125,147.89949493661098,388744.25,147.48528137424105,353968.3125,148.7279220613572,343076.40625,149.97056274847407,-13834.53125,-3.436477999919426,-0.41421356236992324,-34775.9375,-8.945711094119076,1.2426406871161362,-10891.90625,-3.0770851133743786,1.2426406871168751,-59502.375,-14.780305811261632,2.071067811863088
veg_high,45,49,308655.3125,111.79898987322453,309863.5,111.798989873224,272377.46875,111.79898987322316,272551.28125,113.04163056034491,1208.1875,0.39143583507897667,-5.258016244624741e-13,-37486.03125,-12.097594989406627,-8.384404281969182e-13,173.8125,0.06381309760960174,1.2426406871217495,-36104.03125,-11.697200659716492,1.2426406871203852
veg_high,45,50,704727.25,271.80613254815677,703223.375,271.0487732352799,690533.6875,274.3208511739196,742664.0625,265.0193359837545,-1503.875,-0.21339816219679317,-0.7573593128768721,-12689.6875,-1.8045030855238564,3.272077938639711,52130.375,7.5492877384059565,-9.301515190165105,37936.8125,5.383190801831489,-6.786796564402266
veg_high,45,53,765516.125,267.597979746445,770042.6875,271.74011537018873,704289.875,261.38477631084555,715276.3125,267.1837661840755,4526.5625,0.591308576288971,4.142135623743741,-65752.8125,-8.538852919111708,-10.35533905934318,10986.4375,1.5599312002036094,5.798989873229971,-50239.8125,-6.562867960488748,-0.4142135623694685
veg_high,49,53,375126.875,125.5563491861036,379297.9375,125.55634918611042,355410.9375,125.14213562373648,361458.78125,123.48528137423803,4171.0625,1.111907138084948,6.821210263296962e-12,-23887.0,-6.297687816981605,-0.4142135623739449,6047.84375,1.7016481801435839,-1.6568542494984513,-13668.09375,-3.643592251288314,-2.071067811865575
veg_high,50,53,737891.4375,259.90663761154985,789071.0,259.90663761155537,717329.3125,261.6639969244295,732973.8125,260.4924240491756,51179.5625,6.935920367011983,5.5138116294983774e-12,-71741.6875,-9.091917900923999,1.7573593128741436,15644.5,2.180936945888434,-1.1715728752539007,-4917.625,-0.6664428871354128,0.5857864376257567
